,xlk_us,xlf_us,xle_us,xlv_us,xli_us,xly_us,xlp_us,xlu_us,xlb_us,iwm_us,gld_us,VIXCLS,DGS10,DGS2,T10Y2Y,BAMLH0A0HYM2,SP500,NASDAQCOM,DCOILWTICO,DTWEXBGS,DFF
2016-02-07,0.6386570025874618,0.6583459856376358,0.5707631048662393,0.5559920242948045,0.6302071154016305,0.6275130639264791,0.608142455236389,0.42979091472490366,0.5276253997338787,0.612359204112689,0.2544642224939674,0.6292471194724769,0.490936101085814,0.2868937198744109,0.41899722632955,0.48510753593509814,0.6850867801299656,0.6339672724035378,0.35371482867537385,0.22240548379051459,0.17472738672909438
2016-02-28,0.6323406904581831,0.6670081247460279,0.5542381211686533,0.5667410573398971,0.6490263621825927,0.6242563823716616,0.5725923439709247,0.3302984079380154,0.5961551349538389,0.624929764953502,0.38704842001302675,0.6309286632696299,0.478690373193878,0.29973493990244426,0.37203207614037004,0.5092598365958391,0.6891453651312379,0.6361910961188362,0.4115459574544086,0.2250605597472679,0.13731240809553097
2016-03-20,0.5907519065869137,0.6312981945394724,0.5493020107821593,0.5044863186161831,0.6006087559902133,0.5884930092792565,0.48772508540922505,0.2362481862307486,0.5613328032773677,0.5827583877438327,0.32227973527721765,0.6139419698805673,0.478027136050323,0.2943179444224838,0.3789720410268374,0.4924243063016629,0.6610631638060871,0.6018133757270824,0.4122117930988057,0.21788923875796812,0.09553057250175634
2016-04-10,0.6155552876738137,0.6435565319912925,0.5139370524700434,0.5233632569977872,0.6240907791960935,0.6088465934008095,0.48897545313978286,0.1629469165493448,0.6231944569556216,0.5891844252968782,0.3056191619146742,0.6028991239641147,0.5289875202304136,0.37847898041161576,0.36841905973467753,0.49361459492774545,0.6833624124764379,0.6339556613321187,0.4128619694600105,0.2773972796730924,0.18431300324313796
2016-05-01,0.4970248275813778,0.5609059191565298,0.472140457499812,0.43842239974472347,0.528637534896941,0.5122100936193424,0.2964913991687496,0.15611063459728294,0.5423979174588638,0.5125201684240175,0.21260653810776828,0.5459642492418368,0.41703243511079335,0.3162318691809107,0.2618568898876593,0.41548719224122194,0.6157908554671938,0.5505894309597521,0.3023833503018079,0.26000871692574173,0.25110855780673796
2016-05-22,0.4593633477848096,0.5102823483886699,0.407304016831007,0.4096063731166143,0.4946847792144958,0.4753591734984905,0.31039271550925246,0.18753664946165402,0.4768930678930115,0.4893219327781667,0.1970467355559659,0.5209444763169867,0.3721241281917701,0.2690131774322406,0.31297040882604577,0.3761516763493544,0.577996916551512,0.5068463948990536,0.23428194687319953,0.24558477527065134,0.18390695482228858
2016-06-12,0.43088259603166296,0.5136309895954196,0.3923893401255244,0.4176907864831123,0.4966228752649431,0.46625989194230744,0.25260099971985955,0.18895611324356956,0.40851748452967174,0.5169917406998524,0.2745689346885406,0.4608404990529964,0.3695577031565006,0.329253512077872,0.20105370107556525,0.41759785415390294,0.5601789726266796,0.4933955665394059,0.2120910882247661,0.18943634671301185,0.14071796869656586
2016-07-03,0.6771985226228268,0.6828568404425766,0.5866029077268083,0.5947221159655425,0.684829120648905,0.6589163732133713,0.4387259947826124,0.15506416783843485,0.6119247585315158,0.6686746846370214,0.3938177506858294,0.5754413239943383,0.5709483680401909,0.45403336721815046,0.3926451304155141,0.629488709750946,0.7023180111592751,0.6825880746018352,0.41781193917508014,0.4923266580245106,0.08717078097327283
2016-07-24,0.6828705977028914,0.6984975058480307,0.6277862114635593,0.6145455752978264,0.6965161379249347,0.6766704156483488,0.4360183800098665,0.17313766063238895,0.6498789641885934,0.6841043578224947,0.48700249963300035,0.5644669384513382,0.5673534340882276,0.5079186925646891,0.3240741812266384,0.6453901007271567,0.7086619550196376,0.6923057993135462,0.473496125693618,0.5216540050556928,0.1116596059014153
2016-08-14,0.6614647006205001,0.681484601898824,0.5683560699670201,0.5851389895942278,0.6749575726910536,0.6499089964209551,0.41946167979580906,0.16318863401939315,0.6486885024690505,0.6659086652874054,0.4933382556635739,0.5527586090011042,0.5214758298698201,0.48482181499733645,0.2776060004278102,0.6273198456700331,0.693320203867067,0.6715237400149905,0.40362003121485224,0.4858391750203491,0.10541105878912241
2016-09-04,0.45134037017455186,0.4645411548807509,0.3430161213115789,0.2920251012827069,0.4777348875522212,0.4450422788975211,0.18303394789871946,0.18638996087466853,0.4420415115788094,0.49379888593169285,0.2707258373568753,0.3750379299019431,0.33123101791097076,0.3087356801356048,0.1775513630874275,0.3896386342517593,0.5148431474768131,0.4798369166817601,0.3141835159922205,0.12071851881797505,0.09963526044289225
2016-09-25,0.54103544053186,0.46848835289955754,0.4325196731839922,0.4900038725679493,0.5686304039028937,0.536144395677536,0.47356019376636593,0.4308958132073129,0.5298916796769113,0.5693056355097196,0.23972794248447366,0.581107697671188,0.27784649318801263,0.18762877127124813,0.24108808507607385,0.28278537923775976,0.5968833341427624,0.5620084247158059,0.3493415288890051,0.2717829987597097,0.08958013549179146
2016-10-16,0.5601962704752278,0.4681547793183937,0.46772040599350867,0.5170877667453697,0.5893674395127881,0.5821871641367908,0.5471494619423803,0.4528000169712566,0.5589463748278932,0.5977446739135488,0.2922443712644884,0.5731581874805285,0.31772371320102133,0.21182150717183695,0.2180136839843078,0.2706048870968841,0.622567367734035,0.5895824219705051,0.2756672484581454,0.2883110319396716,0.07228278585672736
2016-11-06,0.5554832675110489,0.4861638669527598,0.4410898066750826,0.4638179627924893,0.567266481869737,0.5655155854393349,0.5111622198112951,0.4472876755227596,0.5549453867810258,0.5914946768676034,0.2299393784632294,0.5644432568690514,0.3072755775840382,0.15403224506773044,0.26335775646641013,0.2920576582555007,0.6168744188154782,0.58006406973631,0.26538714431280397,0.32469407296774405,0.14317939554103504
2016-11-27,0.3829066015468107,0.45743454404479955,0.34652487007174804,0.39097525178120257,0.45423720547997837,0.4177872785367165,0.2950276307377357,0.24846574752338818,0.42725265996349737,0.4528827391588509,0.20918584695481482,0.46511419408205057,0.37357957574103173,0.2609938082471484,0.2792670637837006,0.343932798021044,0.5200083943392351,0.4703913441080858,0.17828324463990416,0.3077209954087467,0.14488633999709805
2016-12-18,0.3380970989244575,0.4374186990108517,0.27873273548175936,0.3262301024492089,0.39125207127025935,0.3540693714061208,0.27406737712363827,0.2639290782783136,0.3914082348833787,0.39836910966258104,0.2457860709938334,0.3845481117678261,0.37476374544187896,0.22002915547979968,0.3170373962396976,0.31850749468443207,0.46818817678765745,0.391998728069704,0.16536011405811366,0.3077639607453492,0.08306965458906088
2017-01-08,0.34008122204992974,0.4472424505648525,0.26926508584441927,0.3353976967763825,0.41950120133589824,0.3559968866098708,0.2936410281533951,0.28450690266900375,0.4097163026991241,0.40535436790806073,0.2178912935055221,0.38265080534692403,0.402981290373196,0.24579960046088534,0.3401501430093908,0.30263025903880775,0.4691161196870339,0.39012417204060174,0.1233586667702919,0.3269920177792298,0.12194338171683186
2017-01-29,0.36170953938744416,0.42413159388101257,0.22720093775971675,0.18694045775169862,0.3755401264668346,0.3555333361402299,0.27656715704071394,0.24507086073004833,0.3636988292915017,0.4024776214897159,0.2607114683363202,0.2989488225200835,0.3244799557290125,0.24662645114432022,0.23411571158831962,0.32993531067528065,0.4648960577027461,0.4142588942533302,0.1904148856932771,0.23504473482457416,0.16398279452701187
2017-02-19,0.44359199155831586,0.4985386723159385,0.33555776051525243,0.20682551389765252,0.47961940545144116,0.37411632922415317,0.17985178352857,0.1681964923515018,0.39245599769889894,0.4503777784881112,0.29415580366316807,0.3415653131354689,0.4350560925590635,0.3745899554528494,0.2541628107639345,0.48625243837700366,0.5370441709404193,0.5008150912928923,0.07891789218933498,0.25252391276306524,0.20707115418714586
2017-03-12,0.4624612157226336,0.5106788101022844,0.34415187041897843,0.18668124314915438,0.4753271245379179,0.37400326466556955,0.1840330294204639,0.24741250178074609,0.39820457850805396,0.480410620233091,0.27046073193918013,0.2363891473643193,0.42545729035297486,0.358525656616834,0.2854032186919831,0.4308964619851099,0.518154135730976,0.5045040198504123,0.15316881603233753,0.21819592589442133,0.2759448019811791
2017-04-02,0.4722215820440557,0.5004685371532719,0.3611833582381863,0.30955897556249723,0.4670629069899621,0.42932175447404497,0.23961215643186304,0.2734093993971326,0.40743921522252124,0.4797976192347041,0.22487470341044688,0.280456528799425,0.3429150798590457,0.29172048061426953,0.22458796210340823,0.39394451989048695,0.5216509536516558,0.5041406884782167,0.2628969937811544,0.15965183513736766,0.20048294181982024
2017-04-23,0.49239173236074346,0.5110081602597697,0.368440389492536,0.34872011228455496,0.4894531176763837,0.48366575138626766,0.28201726155133733,0.24707689198863517,0.46075714659821265,0.4776190721453831,0.22634826121427296,0.3202997115648258,0.3687784255341368,0.27788051934731495,0.28694186856564635,0.34709744334552317,0.5329436604625565,0.5203354746322464,0.24391845649046356,0.15633124146083802,0.17001862090797926
2017-05-14,0.4651758375567906,0.4979964306187414,0.3321794212945283,0.3269272311145097,0.4609210089391613,0.43855477562388245,0.24312129813054395,0.1897131347733873,0.4192900327662702,0.4497385617492652,0.2842790976067157,0.39432215442699126,0.36540199968531123,0.2709070104675688,0.2667007652114523,0.34223230706590235,0.5199776756278552,0.4951387063846194,0.16935362591559647,0.12429927235286369,0.1251775397702217
2017-06-04,0.5033965682665158,0.548922226230139,0.2856478189868684,0.43872200510947545,0.5228489339104361,0.478470110526661,0.2895822382839122,0.15236688132471582,0.4899818233904136,0.4997039637513823,0.36110871226797836,0.489796782525013,0.460263135509246,0.35732181734977897,0.3507390841219043,0.4307648531529463,0.5843945189859578,0.545389888767386,0.12083969345570984,0.13348579169663347,0.09656941492836327
2017-06-25,0.3770877918205507,0.46302682049818766,0.23052654304961423,0.3245395422113392,0.4730344646189458,0.4145400902786759,0.28016581297371573,0.14891233845763216,0.4240146981213801,0.46154101878373355,0.3110986734907542,0.4537526810004239,0.4137505739386773,0.32346301095156543,0.2766224709630905,0.43883154262175694,0.5366482257294958,0.4290202297588199,0.14582085466325406,0.16050866844734263,0.09380520436375914
2017-07-16,0.3684436143806884,0.4090438544898771,0.23258102814846598,0.34888080633171514,0.46125941348136557,0.4348155208838415,0.3270010665460855,0.20101101370560198,0.43666076640058826,0.4485659941190363,0.2560768847329443,0.4386995565028607,0.28166290828701623,0.17842505671502465,0.19813118750443975,0.3779178494652077,0.4930837328503557,0.39779591893156124,0.16462217020884126,0.17251208348660121,0.0903965244315985
2017-08-06,0.34250046661859856,0.26802506435809925,0.23860694902118412,0.26000259007031506,0.3001423721227708,0.3477570451285399,0.24471927547566946,0.20458632632580134,0.3497977654033809,0.3524481940046043,0.23003503716154067,0.3503194468998488,0.28623648932768647,0.21283449092463097,0.177154373703223,0.248337429220091,0.41476387399547027,0.3507448562103172,0.18855675161971458,0.17778458454565202,0.09632842058172301
2017-08-27,0.42837860275440887,0.4358884809355873,0.3010838567971535,0.39678840370493507,0.4363653759329728,0.44508478748054614,0.2887831885708686,0.1898096664652646,0.4445103619163315,0.47193458930737753,0.3023795035226547,0.45392892367345394,0.28092560685424783,0.21119811225116755,0.20689435112896196,0.3367105984888864,0.4987120899852876,0.44629759664727464,0.1348329370560109,0.13559651993415514,0.10700501812544376
2017-09-17,0.48904825034722393,0.4986043112385576,0.3318669082747773,0.3370055965382445,0.4527398248055664,0.46755485303097954,0.2814468935908492,0.10803069364999784,0.5051353545887598,0.5191995033365177,0.3614521747601016,0.5008590919828522,0.44789882056364794,0.3676781449748439,0.3486458878118538,0.45006714660027203,0.566259959303348,0.5087717775073551,0.10149841161947995,0.25057472402743264,0.06653468840395847
2017-10-08,0.4998592465969024,0.5245931410550801,0.28694821510644986,0.37195592510853137,0.49081626844849335,0.4735264765749071,0.2048263849668385,0.12112488234995622,0.48440645639914726,0.5252003373856046,0.3564932854943118,0.5034649219473775,0.4659983458580587,0.33584427316390625,0.3715307749063699,0.4538900220669155,0.561894468466119,0.5319358056079889,0.10483974870554831,0.21360858241590702,0.0794379936835704
2017-10-29,0.33379452539058985,0.42425093512076606,0.2147357357046587,0.15604546154323679,0.3212878305432703,0.3434544749634516,0.10957061907064627,0.17525346894435062,0.3244736579342715,0.4229420396795434,0.31300943085930827,0.3690767777908119,0.41147188230174736,0.30885109622581963,0.29358486789762095,0.3822476512257808,0.46446158226424705,0.3820160938574798,0.15465023064138048,0.21407958831693263,0.0895552487166777
2017-11-19,0.30948001022779914,0.2860938217427326,0.16391805018355582,0.18597105332963842,0.30839032613167416,0.2755858731729224,0.1259349355028685,0.1621270677205515,0.27113235488033666,0.351121853900553,0.250307674944196,0.2928764715893136,0.3152816448603846,0.22628987235280004,0.18378346097868195,0.33852130861699714,0.41240986466930013,0.34125530463639897,0.17328953586254586,0.15526476023734484,0.08690631811848636
2017-12-10,0.2727961617857295,0.22925258831341605,0.18401938519535405,0.1992559945807451,0.3747953229730173,0.2959204215991309,0.1760336463070261,0.15031045427412412,0.31749418616389924,0.3556386691226048,0.22202758200251999,0.22950701298544493,0.3082285800424146,0.2155247260625796,0.24038286705147885,0.2903434426390941,0.4427318505684658,0.3086959060396476,0.2026210485717838,0.16275181125089835,0.14830706625533605
2017-12-31,0.26893870503842227,0.24849433624065403,0.19953383254278675,0.30911262146037727,0.377213728621986,0.30807123038533296,0.25366001460890863,0.15342550220532744,0.3765791756807058,0.36502593133672284,0.18438280885677766,0.26887608487233916,0.32581966070758683,0.2302372612727031,0.2187879310768932,0.29133707315390006,0.4479476647062278,0.3348089700444111,0.17407389266142465,0.1639405267912016,0.1508927048575631
2018-01-21,0.27972807355061413,0.2949708839867894,0.3059376254589533,0.30649729423257244,0.3846169184123055,0.3803948923191151,0.1723429045568359,0.15040920316709744,0.38484259924861397,0.37588158581480424,0.13330301534909234,0.21588558628673665,0.2871690120940737,0.1997087826111079,0.20613813054550997,0.23549298447264091,0.43678092385675854,0.3639762462512607,0.13650648340577154,0.14177508413886764,0.14983557272137404
2018-02-11,0.5460161226248539,0.5502058248493998,0.5241993485071623,0.5315966716808954,0.5817744967413329,0.5428585873883877,0.5318987806574358,0.23061410733255716,0.5306767197232654,0.5408409584299472,0.13187659544648528,0.5070053135632071,0.21376116226446773,0.32133380606015677,0.19549586638577957,0.3024400918973653,0.591052889645561,0.5690700114020408,0.2330356307096452,0.28317702973846326,0.06782441070008222
2018-03-04,0.5864473238974219,0.5925799971953746,0.5665073828646136,0.5850697026831655,0.6118989629566435,0.5721429291419992,0.5398661486502108,0.30375977711917307,0.5689335115218908,0.5950526340924391,0.22188785380383308,0.520764436665889,0.21655769423218305,0.32782529726254467,0.19477943280302742,0.3075925910761362,0.6277913082579659,0.6083764293952514,0.3377286761426156,0.3669848209430262,0.09157014962289031
2018-03-25,0.5880282932968997,0.6121685543077496,0.5458972849852071,0.5831252577512365,0.6213296547901628,0.5864530858616798,0.5433786255136138,0.31470493953102163,0.5816843058116178,0.597693373921145,0.1594946877743473,0.5348522834303944,0.27639146827701855,0.31644829599434665,0.12757414218412522,0.34247187603064183,0.6290619988224357,0.6061767859450811,0.31918239688507744,0.29397714362194927,0.17351400788051197
2018-04-15,0.61743382013316,0.6266064697537177,0.5442031270707886,0.6216249085991167,0.644951218622785,0.6252409007031527,0.4626388197101692,0.2595462323840979,0.6349430484830478,0.6292139530208317,0.11063882177502168,0.6033390661649738,0.4239209175612582,0.36903950638234695,0.2183279553992204,0.41432899590157657,0.6569573584978765,0.63344698504246,0.39939203402180906,0.2718070842977998,0.24824718648811187
2018-05-06,0.5930158238898539,0.5819306215000057,0.5236989271725895,0.5983528038591994,0.6070546476050758,0.6050709456354969,0.43808979698249734,0.20652481031395067,0.5976786697109834,0.6100235533513435,0.1547093989592136,0.5807583310605978,0.41139540095040283,0.4097458332685133,0.1727295467440499,0.45423462052409436,0.6392202181492247,0.6085006274553708,0.3029406407220336,0.17721657538756685,0.26959115400869693
2018-05-27,0.5626481719816853,0.49886570144106634,0.45525011330111653,0.5283579467131004,0.5216048787380081,0.5570424379613478,0.4226533768407424,0.2008302427535494,0.5549438233253088,0.5519308838211604,0.13183620658727896,0.5409001557592626,0.33204745158936483,0.38827030530575524,0.20836397112762156,0.3557784431141908,0.6003955897385945,0.5725951391754613,0.29843065047489115,0.2964966171451958,0.09126349660530435
2018-06-17,0.4496830918985437,0.4067222391399808,0.3200899929687906,0.46470901009790805,0.4520541173247577,0.4724965521009562,0.33012746491268985,0.1771586605779254,0.5035272095309288,0.43540305943400603,0.16979564614016357,0.4857131363342734,0.297887831932782,0.3742061883332648,0.26290298984069904,0.4107122415229195,0.5559869680685146,0.47912002361207306,0.1808053214418629,0.32122740550152945,0.10737178793170701
2018-07-08,0.4322819664539546,0.45379307159683774,0.3000387391298217,0.43257911309278424,0.4619143894408597,0.4515229055611358,0.19504141157816152,0.2233877142171418,0.4928742168722466,0.43245134010473585,0.1609100738662082,0.5074651234736369,0.40756319785117234,0.37881477783156714,0.12807363690920098,0.4173303429424881,0.5359771927744992,0.45942125145368895,0.11153272749952732,0.2877005673804743,0.11147426399095588
2018-07-29,0.416934962380252,0.4212888238417225,0.3106977183238495,0.49154546550394773,0.47623194656715784,0.46064812445315717,0.16636018402320474,0.29233416342578733,0.4594253826309015,0.3780895141099486,0.15920521649022482,0.5116597717901245,0.4229208709372364,0.39569578754943674,0.1416417453403525,0.43766883777266097,0.5433674583843724,0.4517428639956192,0.14033006751362742,0.30867973730698883,0.1081640097588499
2018-08-19,0.40095947667629117,0.3759608958951459,0.29435394759748906,0.4203310106250032,0.4187720317807783,0.46236916151723084,0.1930268498456732,0.20920530412641353,0.4090064120005791,0.39011818153343114,0.24354179240297907,0.4897138913904956,0.3281076496335565,0.30542910513890864,0.16757481465667695,0.40495572170986127,0.5141195654174264,0.44307400098543653,0.12784623671867545,0.2843927363175478,0.15857419314441565
2018-09-09,0.3611527005693433,0.35158970163572456,0.36019719945184614,0.3960774650205513,0.39483614058674044,0.41592667104980474,0.17923679028947548,0.19043737518384235,0.4110424326799528,0.3421632531708839,0.28960060792626163,0.42255265461255204,0.24687092740702865,0.3092782453903704,0.20436261984236173,0.39513790442335794,0.5142317536039761,0.40885619073835444,0.18098022320121362,0.3128376699064895,0.10316538727236195
2018-09-30,0.3386785115164327,0.34665543421249756,0.29619992782764293,0.32848789043610255,0.35196719822418965,0.39341170237946954,0.2220903242388011,0.1844003790791514,0.37877669726064733,0.37331461097705076,0.25338805241230444,0.3977826366022964,0.26545936976030593,0.2660132524070178,0.11822912803373775,0.3543003671332682,0.48826384634663345,0.37482979646561904,0.15163159203070212,0.3172243187996687,0.0814186203994964
2018-10-21,0.4665684411963785,0.45362271615331357,0.4115680714983944,0.47519837646197755,0.48694942092601395,0.48182070330189497,0.2476674693080961,0.12624330382787555,0.3804082240309262,0.4539327378339529,0.22808799380578493,0.46358378413863194,0.24080135173710873,0.20508148780846908,0.1433373721921862,0.42239555061672895,0.5450092591048407,0.4836446857118239,0.2772506510804521,0.18976779153920664,0.06942609641981563
2018-11-11,0.49943853346785455,0.4871897400014113,0.47366417952541984,0.516430015332077,0.5365101695461038,0.5253125443747941,0.2513867560263265,0.12264347053693099,0.4593021201202635,0.5204937903280287,0.23778207466672213,0.4806153388156713,0.3422802955311225,0.3327267985800256,0.18433510148042886,0.3834170819163912,0.5678027474243967,0.5312215972728617,0.17708174771765298,0.19175965942675088,0.060100009132625754
2018-12-02,0.49944855236474783,0.511013848151946,0.47628404782742645,0.50906857805399,0.5344260112595448,0.5191494619108326,0.30930430384078217,0.11903085238195472,0.476103266591254,0.5245576895167817,0.20534352602961436,0.4644993329697358,0.31905719511139435,0.3016661531787411,0.1416257064715481,0.34881891414547844,0.5597148635856732,0.525980381924642,0.13314599826937534,0.19544437625606614,0.09536609803362181
2018-12-23,0.521150553467574,0.5100621384075829,0.49667158397212513,0.5143251870438138,0.5508897195998348,0.5534077568721804,0.403998929596895,0.11191696756905216,0.535477585792149,0.5630297863173862,0.14935105784820174,0.5170139971728008,0.35834659987444095,0.33083295549712655,0.12727909182805033,0.3671403875061774,0.5757579480772028,0.5483607842855391,0.13510007329315862,0.1826744895593481,0.18504865834835715
2019-01-13,0.6041490007744166,0.5908557963383141,0.5942713177426444,0.592837668953157,0.6349532543148723,0.613092933930595,0.5759413637915617,0.3295969365732096,0.618536310926971,0.6287194547014245,0.28699578566738887,0.5838369185932888,0.46767766996003796,0.4636152889197988,0.0715462670563399,0.443077190584356,0.6488057007098241,0.622697043174105,0.16595912853153488,0.17611248890587533,0.1794663352520495
2019-02-03,0.6233059770266159,0.5974846366530512,0.6211601241384466,0.6087580427832473,0.6402444017022628,0.6183817739043469,0.5621663372674707,0.34417092699086654,0.5996655430338285,0.643059854381655,0.3188943200188819,0.5978497945803408,0.46027398398454117,0.45565627313947143,0.06668989705605995,0.5024815540982452,0.6632328606731269,0.6365086424785157,0.25873138594714334,0.154067879829596,0.1873441184033004
2019-02-24,0.6471368265515631,0.6232368255877724,0.6292424340484104,0.6176242285307495,0.6619302945210036,0.6321917467891848,0.5284173211132053,0.3335204886047814,0.6141548682444286,0.6754445820704437,0.2887842596154098,0.5912587222269462,0.5007903411504516,0.5118009030601801,0.09346468990919951,0.486328755565313,0.6883185656809917,0.6628888481976621,0.2700877687412055,0.20345657792687563,0.0
2019-03-17,0.5116473557524603,0.4798455193008503,0.5010970758845659,0.4753867868191995,0.492979240639873,0.504879215947792,0.3467778870556851,0.1946923227057532,0.4301770532382074,0.5431043183235142,0.11996968650416323,0.4919724032003636,0.3432208315889471,0.31765315649859494,0.12347800087551591,0.5265654902100648,0.5917779406564613,0.5421296736888489,0.31676604060415714,0.2237300753134561,0.0
2019-04-07,0.5288238763534863,0.5490294347411581,0.4886604626929003,0.4779793505234025,0.5431958374116592,0.5465233021580947,0.33269935397933015,0.12621334669584588,0.5035201798664815,0.5639748722036265,0.15691557620568633,0.4910125411625491,0.45604229836519555,0.45882295897144953,0.10101719550629103,0.5059381299926359,0.602137706605825,0.5696344702005796,0.2632737418545755,0.31427119501495515,0.12816323809158076
2019-04-28,0.5012217893582723,0.5048774197824042,0.4104775905924528,0.29940658812472376,0.4636893256091398,0.5017771987408866,0.2687857233175084,0.135350006879777,0.46617592906677097,0.5168066750299236,0.20992105816618106,0.4641583843328685,0.42099825427288745,0.41030026226355715,0.11867023980086677,0.46171254676488915,0.5669453137319654,0.5413715779418908,0.2009578766743946,0.27432614493498414,0.13058147912395796
2019-05-23,0.5723182286023121,0.5547993878414788,0.4270602356895254,0.3292782663237466,0.5565366044375828,0.5655974797044572,0.33040164297186764,0.13469822396697195,0.5551161648364938,0.5572600128488865,0.28531691791832886,0.5270106982406281,0.46959293189556484,0.4420003366613387,0.12192476398822057,0.5138274810105946,0.6038976139752928,0.5802851033097887,0.3240851307431344,0.27610912288991324,0.10122106853409911
2019-06-13,0.5812881294613603,0.5589937558361131,0.4416175702319055,0.34667154450613313,0.5374049395062386,0.5721884329568334,0.41554745554060507,0.17852747869679558,0.5032864075125454,0.5464003433498166,0.30849075978343865,0.5124088003082645,0.4563185960537803,0.43259972777254774,0.17226590055938878,0.5525707372354123,0.6047163317146789,0.5820738775448854,0.3322050274032676,0.30587909917283346,0.10381516849102154
2019-07-04,0.5716727451138913,0.5632665285044303,0.46235306768477286,0.4730815387103159,0.5604496460205259,0.5716426016864795,0.3945323907895696,0.19808833948394247,0.5000563818459145,0.5319542095822739,0.22242892846832601,0.47842473366651433,0.38705003464358423,0.37459555832674224,0.17193353500006708,0.5462969627463613,0.6012228946122601,0.5775398371158981,0.3354852291435191,0.33666663401203173,0.08404805826715453
2019-07-25,0.47624405898994204,0.4902462522751474,0.4186514419653598,0.38495784579378695,0.456195081258577,0.5071512979826391,0.3452783207479995,0.20433033392631753,0.3955459628861487,0.43804995269727626,0.20467702417301728,0.40224493654711085,0.2889590285566218,0.3148728884251062,0.1636098977885881,0.47867590982161146,0.544164715907413,0.48639816038238753,0.3079617855746025,0.2770964394303017,0.13647328089746025
2019-08-15,0.5765285062851532,0.6102431789115453,0.5489217879978028,0.5155703267261922,0.5827567235488104,0.6187089231163684,0.4694751738542628,0.2876852067375504,0.5178705141307856,0.5492558860086676,0.2171897017719507,0.5753923448106638,0.4420417123151421,0.4197922634540097,0.09808781584105211,0.5961277989703094,0.6370944878670938,0.601669473499866,0.3174686881303847,0.33190263035722367,0.22501589829452512
2019-09-11,0.63106961561826,0.6609845908009347,0.6262267902948206,0.5817272095405353,0.6428322912992763,0.6563556846870482,0.4901947263209808,0.3241370260612804,0.5610388772503913,0.6339187356723317,0.3834918566606288,0.6332049516153964,0.5288075355466187,0.5002199525170752,0.08193782906654402,0.6224245229875677,0.6762993561999447,0.6523465481318607,0.3221501473584648,0.2696919673936754,0.20449806454381356
2019-10-02,0.6308695416120903,0.6518571251552991,0.5603230037069533,0.5915583028471512,0.6656101076749061,0.6416402672971864,0.47502782225639867,0.32534276476724466,0.5740720410370691,0.6296067323462311,0.40836457429023093,0.63026425471683,0.5118379282136567,0.5336975748914683,0.07053558360658306,0.6106544968666222,0.6741130411568234,0.6542793347792053,0.18560148797906853,0.23583910346927742,0.13708536244881359
2019-10-23,0.5820189078412448,0.5999678507760534,0.49130268186464177,0.5414956686748446,0.6201407292903458,0.5851663490955871,0.37875158412981613,0.2650639202074546,0.5583676836666883,0.5772556613994444,0.45882478891384215,0.5734161994334552,0.4484621244015184,0.4597507265193176,0.0929201032221395,0.49662123664496793,0.6356024469795191,0.6144697028876777,0.11342949578997519,0.09364644044953804,0.08535271931519199
2019-11-13,0.483937051719164,0.5525058019993339,0.364823997228756,0.40097507657736164,0.5502369175992565,0.5093712116265032,0.3065054057233836,0.20764970597516333,0.526149244420109,0.49777510406158026,0.33766159749233265,0.50991245033961,0.4166733836874229,0.44694674384988964,0.1706247151462778,0.4329131057310628,0.5768645217651434,0.5308024010827921,0.12890267525926816,0.154098211835283,0.1593036633707109
2019-12-04,0.5035803558382554,0.5621165498247781,0.3976541629518286,0.4288949529945948,0.5666156281278532,0.5013564872618781,0.2867082924944968,0.23391200535675752,0.539206063736327,0.5146673998950237,0.37362692762791977,0.4946971069144164,0.40243868349765927,0.4377933432134462,0.2138117242255539,0.49526183069230356,0.5940630285680621,0.5467376742455555,0.2450883063434039,0.20065830313394928,0.18957445113728896
2019-12-25,0.39779200571555867,0.49286337436014066,0.38910429840147687,0.28437434200241596,0.47076942762756585,0.3547517453420975,0.1738613867761194,0.2633597880327082,0.460381203671124,0.4702290675511933,0.3419118116126284,0.3538401760778199,0.4350305980075391,0.45316005137590903,0.2018027118107634,0.48314182649235304,0.5029043433116915,0.4481374315592312,0.23285605556328667,0.08274559873585755,0.18296001999232248
2020-01-15,0.45712632600244535,0.49469461268813175,0.3413292867421439,0.39118309793951067,0.4345397719294105,0.42283822899794304,0.1636921857741259,0.12952730526136771,0.40624382720939234,0.4290582986597789,0.3171700162383518,0.3991489737170704,0.3741356999481463,0.408857124300149,0.1818195947299123,0.446757111839712,0.5185872238078842,0.48476128959672804,0.1170460975929614,0.09806592218989812,0.1514291868190284
2020-02-06,0.5333323699220723,0.5723853302853368,0.4517130579875614,0.5135235705578266,0.4933454727342802,0.5561013324919223,0.31705611299712877,0.10566614744588072,0.5236440313054646,0.5680376002020402,0.40016137567846277,0.5129713996186933,0.519816664913739,0.5028306617748247,0.37584368900941334,0.5431047184133762,0.611886174902406,0.5584060623621673,0.1684462609018304,0.10868013802436302,0.12366858462850414
2020-02-27,0.6163524615427058,0.642405507799689,0.5564480947679626,0.6024386035183711,0.5926742925892793,0.6348757011081302,0.5053150769121698,0.2981202317934484,0.6046257185414528,0.6375261663699809,0.22719742026781345,0.6073653807428017,0.5632632550052294,0.5742710719837196,0.18579838040983895,0.6033018268773873,0.6708725761975021,0.6334679316806479,0.3112367382487174,0.15933401506580613,0.10873010701466439
2020-03-19,0.7274872046481461,0.734701229272757,0.6894942138703949,0.7206253261666369,0.7385597972446916,0.7396539267487195,0.6802946747895098,0.6681852168988498,0.7475200091843217,0.7429591539587963,0.15354942947614642,0.6346917933460867,0.4759842198182646,0.4782236679345062,0.32041930598994584,0.6368922960489096,0.7438069100730446,0.7389652922826186,0.4798531903641024,0.3483154003743855,0.29518161366797935
2020-04-09,0.6975817180666961,0.7011588927204111,0.6317166650432375,0.6872688307579529,0.6985012745175042,0.6919363780114355,0.6400174162846469,0.6448121628762824,0.7028611863285379,0.6954564454629788,0.20017091824705563,0.5216328205528675,0.44574233455841067,0.429268575454564,0.2891166787337058,0.5653881784944546,0.7128658820792396,0.7020168351323305,0.1317752733844978,0.3104146094016429,0.19119738150709115
2020-04-30,0.6917219974566072,0.6903528741618203,0.6073627755822223,0.6768279330702989,0.6906798027423215,0.6899681661931938,0.6362623332891623,0.6446896429314152,0.6986208662031197,0.6819864766928412,0.1914208440943212,0.5446687298406949,0.4377998163357102,0.39764204906279677,0.316488705315191,0.5562606949382172,0.7108130854422564,0.693136140351488,0.1068016197624804,0.3342777511666636,0.18360350453552415
2020-05-21,0.6272172401139102,0.6349431259537521,0.5584145978542072,0.5924552500606617,0.6440090003794239,0.6258425100662126,0.5589164811383623,0.599229223258835,0.647249823962083,0.620831627427408,0.19213478387892963,0.319799056356225,0.4552590291659587,0.3245466092318362,0.3892208002277617,0.39995416017228436,0.6660509265630465,0.61722630989978,0.11880992655627098,0.39518448511261484,0.0894471056687014
2020-06-11,0.525954735721868,0.5663804558939248,0.5408489871760891,0.45205058165081,0.6067294705463958,0.6253160555715456,0.5276413920180438,0.5085804189778709,0.6026559376600747,0.6034217401709864,0.16010440230499837,0.505380592883676,0.43248870347956486,0.2627864027290544,0.4294099065860813,0.457117444832952,0.6488392600036778,0.541758236415148,0.22372321979103998,0.44358816484920804,0.0792811594313982
2020-07-02,0.5936905525619953,0.6117062671344857,0.633068271735268,0.5469470885556806,0.6459260446317178,0.6573773313915969,0.5919383501497222,0.49425160819097125,0.6476474517951685,0.6456882853845819,0.20298797540306537,0.5647067080460219,0.4951026171860205,0.202118014139069,0.46797887564224155,0.5538431183556585,0.6768488180358037,0.61003500126956,0.22002355310611837,0.4393679870086588,0.10816261628628021
2020-07-23,0.5418276593716719,0.6073263756589663,0.5936108024437359,0.571357922404672,0.6337290412554268,0.6408909089333412,0.5692493378236156,0.4228142352157419,0.6472005343634847,0.636626269275319,0.17237439735446913,0.5604061173700676,0.5265302716672983,0.16084429738395095,0.5139819326825928,0.561575365158718,0.6682568121138492,0.5584495427718799,0.4245596074552928,0.4070226066298576,0.16305965538566985
2020-08-13,0.5436981149211136,0.5936465630016923,0.5808539869118033,0.6147114031881292,0.6257926647438075,0.6366381084716024,0.564817043578968,0.37196059784430174,0.637698135802372,0.6360169272369218,0.1729256321593502,0.6124376810871303,0.4825038932274861,0.189724088394065,0.5298330146057271,0.48522115785877107,0.679306405530278,0.569767918872469,0.5583116885622625,0.3389723719583021,0.10992879983946965
2020-09-03,0.2560687630215098,0.342845641907392,0.3672439190526894,0.3007685375978156,0.40590648925546347,0.3891604283754781,0.2783264495021594,0.19686317878254783,0.37103900668033896,0.4159568222942037,0.18840539620200064,0.3418852306404164,0.2374757450269532,0.12429278497211213,0.26225848355372283,0.216515414726623,0.44463022684711656,0.27979174161118686,0.36147553509265606,0.20547491674659293,0.16729692566610915
2020-09-24,0.43227258360112375,0.42541316455150097,0.40649124242307194,0.48909768245587176,0.5219683838324549,0.5030064828615124,0.47627079174243486,0.28756141878525765,0.5132832788832277,0.5267557915835966,0.23974308292250268,0.4184099899851697,0.25076785752819314,0.09766989217694419,0.25273664238110577,0.3558930556160119,0.5517824795395232,0.46595797888811763,0.3795586536823857,0.3135577668122695,0.10140211928615224
2020-10-15,0.4831025701823698,0.5162133218212748,0.41937932460908434,0.5490161499345437,0.5575210584727928,0.5290212554607655,0.5435688258830078,0.3710533309789222,0.5371839417702307,0.5754482348277709,0.2512032133094012,0.39761374838025254,0.3000154623493681,0.13888301444310772,0.2586969326032026,0.3959479400873987,0.5809209475036441,0.5026984810361605,0.27248627525244795,0.34738643253628626,0.0799205362518092
2020-11-05,0.5459473692327922,0.6036145492364994,0.4756850617637259,0.5684603078595798,0.6204362430904902,0.5885992890063527,0.6262169609760824,0.49481733697868135,0.6063746492916217,0.6461933314056562,0.40384251803226523,0.5016250984150471,0.27832875854577815,0.16340592306614984,0.21879751398659456,0.4717606950504221,0.6467220280238276,0.5589792276520262,0.34345835245504014,0.39142498371567297,0.0
2020-11-26,0.4361920811775411,0.5116375528007836,0.4278160656966632,0.42930790484343717,0.5225824117415361,0.49919636998508315,0.47863633517707765,0.4254956110598407,0.5042218877707385,0.5526482739632104,0.21914389995831277,0.4177600450184216,0.31630288591999256,0.21636567954772298,0.25348893411633194,0.4246401193757592,0.5617703422026112,0.4262067602433256,0.2884220612983672,0.2777738762363696,0.06294735759513267
2020-12-17,0.42253318350284763,0.5062806368276155,0.43292071710566155,0.4054315838864242,0.5155187368987375,0.48786411732138985,0.4548678079784997,0.4157972676067909,0.49537057111428584,0.5433028828814606,0.21910413500396805,0.4302530211976455,0.3008169466496802,0.14231947778135318,0.2579861668028693,0.43839797611698905,0.5619177125145998,0.4194599239272482,0.33448203382579983,0.27938488577337367,0.08292689567877899
2021-01-07,0.27274744790768674,0.4846854039359235,0.4309416293476991,0.378027178896342,0.5122037770159698,0.45356447792643023,0.3470192483422526,0.4204748660291126,0.4901762352357629,0.497530742793315,0.2374870157603512,0.3413044975963612,0.40980479773523604,0.20409881953746223,0.3612573950031805,0.4013317033926981,0.5389549484756109,0.29857444400693145,0.30925252866062414,0.24900972630765295,0.0972442730059231
2021-01-28,0.2789239570108421,0.4357268053834914,0.32566137542138973,0.4278180792218496,0.44895225248105664,0.4422165280347102,0.32384002384892124,0.2854595823882772,0.4442960132568663,0.41161417702457914,0.1154598681122074,0.40244141832204977,0.2979991067938355,0.12182839127044816,0.27159332210384063,0.3485619213854748,0.5083870067509025,0.3782785688917051,0.26287616312698103,0.28209330874892974,0.06602759073876253
2021-02-18,0.33412092331694765,0.448584761126373,0.33323706296356054,0.37968223033506754,0.5039438496070199,0.44735732345643553,0.3663784239727677,0.30948401883402593,0.46200399118232627,0.4036706754064777,0.1035068891617537,0.42357188811052743,0.270334390595666,0.18873401805270923,0.22142109651001288,0.38175036518047156,0.4918432216081231,0.4142739675278255,0.32386150397664226,0.17172003402427924,0.07705045557443035
2021-03-11,0.42500516706196956,0.4297021835570848,0.3029980438644694,0.40871663690095755,0.44295706302612825,0.4462722013625431,0.37744786089583,0.295788006484362,0.43992768962634826,0.439175822714123,0.19638891361977032,0.45132839948473036,0.26170790777600733,0.20254657044195845,0.21795774369191573,0.288588482147427,0.5170430838307941,0.44952294131254356,0.16479012277150257,0.1384440947151277,0.05737306344796563
2021-04-01,0.445837304236529,0.34366263532473446,0.28305542147248003,0.41542471541493287,0.4041066895441842,0.4368808883316243,0.34829850513808436,0.24236354916951028,0.4360584181772566,0.4256831611757737,0.21909642061337445,0.45820609468278184,0.2594773970262246,0.23037886709396002,0.21923064920671984,0.19196885069073832,0.5209498712355615,0.44421522114572964,0.17746881331233344,0.12383013846158064,0.05839400949083531
2021-04-22,0.4460683280666503,0.3257832848283705,0.25702842245504043,0.3910997705748921,0.380236577192181,0.437692025136752,0.29346540592893594,0.21256362488042443,0.42898610489932043,0.42385568852757516,0.29121558195901504,0.45510546162447546,0.2777016995649667,0.26697004128852575,0.24354870565783396,0.14239677049665078,0.5170594036800333,0.44241465080262665,0.13349553734495861,0.1397170342950919,0.09892222700599675
2021-05-13,0.43123500167590506,0.30072872410588875,0.249777728203013,0.35263546453821926,0.38933765719265623,0.40818123349167035,0.2537328303487971,0.1844192881263286,0.4029017608611879,0.38496479543889356,0.3020698775502537,0.4160520794971954,0.2030133927915087,0.20350500722640583,0.15218365968909747,0.1844250091137542,0.49825129548176256,0.4140190484372471,0.15428206473052555,0.23935083650863928,0.13586110369701357
2021-06-03,0.4622752304442363,0.3821945648849786,0.23981930688808428,0.3554181874074916,0.4314857852842825,0.4584140019552915,0.3403987116441989,0.301763960213252,0.41888803269232733,0.43705805506157,0.33683949291581394,0.4699857277818936,0.28637345941821174,0.16408727607488888,0.23732898967282384,0.20495725435097706,0.5278882558090023,0.45768854910733936,0.16613327539777042,0.3217122934917315,0.1544109036438416
2021-06-24,0.41427865220960697,0.4409015500913047,0.3395562205708192,0.3124266675740321,0.46731532064091963,0.40548495024581843,0.3403686540594435,0.2840140309180925,0.41153645490687574,0.4379772477507077,0.32029789855666296,0.4818043515059503,0.231060123908144,0.24622915684441557,0.20068776235572158,0.18949965499491486,0.5133186670840721,0.40283541938649525,0.1658240591082583,0.31297588421898165,0.14137481531361057
2021-07-15,0.35094426136665563,0.48108129629661045,0.36741520825327867,0.26885343464445344,0.46340365900191544,0.3635055320215811,0.34463319079479937,0.27561447184405063,0.4344894361451114,0.43472901155564775,0.289318898742101,0.4584940519974011,0.2708945396923321,0.2119070916511468,0.25779852349359034,0.25723573043574205,0.49533432604583244,0.3764610148532945,0.22981775225298878,0.2681213788698927,0.14699221520729516
2021-08-05,0.38851584060353017,0.5359983651715425,0.474392134904632,0.35437787565089784,0.5323027451295099,0.4345271935887651,0.2854812271350516,0.21175184757024104,0.5096733464607712,0.4804378434104132,0.2511239637370631,0.5289057122322406,0.42083390478105376,0.16684914234488038,0.4563923359206184,0.4414615740814214,0.5711843320135468,0.41878948490152157,0.38605873225713694,0.29671341565409426,0.16327435869222218
2021-08-26,0.37843274559571505,0.53263560072225,0.4667977892597327,0.23195404492678406,0.5154440941096812,0.44278267008285355,0.1951774031395061,0.14592471139628121,0.48966202941331105,0.4785608430359356,0.1604545516483067,0.5163803117967543,0.4333719965489724,0.2892038766341933,0.3982111663960617,0.4578182420482092,0.5598362911561876,0.4415132423526374,0.412440889415805,0.2940531718709765,0.09450276057861842
2021-09-16,0.41630696994272665,0.4727959337724029,0.45852487235900574,0.21480527911653638,0.4970211112496429,0.43164415629916386,0.21098937697552866,0.16210455786560587,0.47100435004196706,0.4753325562873549,0.17016855909768802,0.4902271895038018,0.3683281266638273,0.1325634043682435,0.3611286430732107,0.411750055474721,0.5450811953993145,0.4535385702473464,0.4146082364502434,0.28468078424283977,0.06260795133020734
2021-10-07,0.4317860967536952,0.49156341394031305,0.39707304896629103,0.26432837825005506,0.48166475586933954,0.4541790092172505,0.3396516977844986,0.19457855875961688,0.4677462851154453,0.4727743599107478,0.16975445911566017,0.4843474443503461,0.2437872081545056,0.10084417077012035,0.21219582483090957,0.35915539806853125,0.5213187266694479,0.4527547170966826,0.32504598520283146,0.3094133970619789,0.1520066394755387
2021-10-28,0.46690655832357775,0.4967223491766927,0.37175547177900187,0.4187327213710511,0.5171923979062851,0.4316298763071374,0.4110757677265755,0.23105748435842335,0.50850832882266,0.4841272221415759,0.17578906308148684,0.5016500890466331,0.2123858025717083,0.1263134295178837,0.19125570004010134,0.38534303242334805,0.5507816400562584,0.4646375086072395,0.32823976830366985,0.3484497205637317,0.13304037559533538
2021-11-18,0.43707224401759337,0.5075226212520261,0.34517482819009565,0.3641372709246142,0.4974669091810764,0.35732081746043953,0.35928434517967744,0.17137285722873982,0.4733107987585874,0.44775685290225437,0.19234415556781911,0.4591584150963072,0.20521529079293885,0.12193204576124947,0.1802622878033469,0.3606694992318671,0.5212761662424519,0.4368110001752341,0.21842335603352425,0.2843903168057881,0.1886288260368932
2021-12-09,0.42201772660138914,0.5267778871848636,0.41702406830021266,0.3782650753191166,0.5284061953183585,0.38315865370884405,0.3948267068487492,0.3511345397893395,0.5157792896033238,0.5148315980553749,0.10756211165471334,0.4925150993164076,0.40005092005812415,0.20521266398622484,0.26702423082238685,0.44565829301012255,0.5551984816428658,0.4492360055321846,0.1977576421759847,0.13311222567489253,0.12730975475948372
2021-12-30,0.42850540608466287,0.5132524800112495,0.448409148797824,0.35902459825364297,0.537227622570549,0.43485586768947737,0.3500800370709846,0.3458627333740626,0.5208342732185,0.4918985613671204,0.13627590895492764,0.49638060552527224,0.40212255920596374,0.25358491510292114,0.2070823622014039,0.4640864833930416,0.5572195771295363,0.45530255853084023,0.25485200804391983,0.13280872556568835,0.12421913624205339
2022-01-20,0.43871588816893253,0.4764856640397192,0.41470936444251627,0.3479791234613321,0.49752689200694633,0.4732077326656432,0.3450380066271187,0.3170883510858619,0.48807170149590523,0.48611188036784825,0.18221130950939807,0.5124907206164309,0.37850445770873564,0.2885331960294524,0.19907994132873236,0.4561246902001403,0.5517516505045037,0.44935887824969944,0.2551219689296838,0.1462441478288805,0.12072045312586381
2022-02-10,0.4174313190946359,0.3771392995638979,0.2795818812532726,0.3533825934829974,0.42350450105503584,0.4291847271163142,0.263551400887433,0.27241674344909156,0.41592162250001125,0.38180338783418083,0.2381005972948341,0.4226436112563647,0.2597183512807627,0.2335195511154796,0.14360395202558984,0.26685782382461054,0.4686370943701629,0.42504984394137935,0.22129408610623919,0.21576947621716566,0.152421985971282
2022-03-03,0.44147479977255416,0.4628549396840759,0.14947240959585578,0.4150238554099707,0.4499069373642066,0.4327646907861224,0.2969785811348436,0.30895735637097843,0.4529421814267634,0.43449253508736874,0.2166328626159432,0.45703241455473265,0.21863478669041378,0.18434058524697375,0.14681183277390045,0.29502992897295494,0.49706971204375555,0.4346204004880766,0.13079288699004513,0.17491177205448297,0.12604400143415154
2022-03-24,0.5088013620703424,0.5456154150984724,0.1592079064617784,0.5069832436612483,0.5249157974516699,0.48413609140569286,0.3676695679419504,0.20466927568910348,0.5305853609281874,0.4749983556849311,0.3434787216051561,0.4783688517588388,0.240209209406325,0.16277791899549182,0.16409976576291005,0.34437440751712345,0.5508929457658823,0.49975862188338427,0.27519321848785233,0.30668057278961813,0.13665155527929498
2022-04-14,0.49062543667525277,0.532517258059589,0.16955330947894393,0.466505674781727,0.515875979991461,0.46814902984577456,0.3613584944329619,0.1752920051640782,0.5379821376385978,0.4734356298764667,0.3921174728663818,0.46699035505664394,0.21073902757970925,0.1629252770807115,0.07087602759924058,0.40288432644169836,0.5462224343906246,0.48193543466048183,0.2153167304885526,0.30902901424477125,0.13178890800426185
2022-05-05,0.49018865408178114,0.5101916648078866,0.20658017231423975,0.4569977623352325,0.5197313001549796,0.47014358708332404,0.40724359115351516,0.2405154946650443,0.505768417242183,0.49007859819125343,0.22133768129397816,0.4715496641892375,0.11121166950935393,0.11705490838450112,0.07578237110174868,0.3095501149700027,0.5321159258656638,0.49167938505137176,0.18884738315101826,0.24394290766852872,0.13307546024256217
2022-05-26,0.5288550450287135,0.5513547134567595,0.4449466910161224,0.4895710144938182,0.5654305570266394,0.514911446604999,0.4083736298735935,0.39405229723386676,0.5747984242521372,0.5333499767285138,0.18284686508062353,0.5272883800677376,0.16237892696898912,0.18930930302663912,0.07870160164843706,0.35856095035464863,0.5768844335484882,0.5320670010357115,0.17293454939510414,0.25388695047155996,0.20724572648280434
2022-06-16,0.5921009018087485,0.6117493457578347,0.45598650116498024,0.6063545208538594,0.6175911371758263,0.5564440582081966,0.47622411744681575,0.5341096964618385,0.619339209786557,0.6107704613500587,0.24909216375195867,0.5712196942595353,0.2111447967582472,0.24413394755288947,0.21874304189670452,0.3809945552638479,0.6336749732056604,0.5908532560190138,0.14186973101407638,0.37964802075071613,0.18209763046786365
2022-07-08,0.5718611937250234,0.585920455756431,0.4141394946601714,0.5679758953922736,0.6004274970192619,0.544770016879946,0.4564433410788296,0.4780313326922707,0.5880568059900408,0.5861939756352702,0.19654061054950184,0.5547668840420207,0.18392460932296334,0.2224739895609039,0.19063748306738504,0.44148788827338564,0.6159166650205807,0.5676747724276755,0.19065587342085188,0.3660445135199618,0.24478162766662423
2022-07-29,0.5696334953556363,0.5872867199077759,0.3796408726469996,0.5230719100351191,0.5955491902621805,0.5486585668533841,0.5122289977744765,0.45883566830832273,0.5812771377907995,0.5950876123215378,0.2771945040781909,0.5333256845447921,0.30493078833251686,0.3413727205276595,0.11678780845961056,0.426791626664276,0.618359142898597,0.568034142896605,0.1727421119011194,0.3760287263781573,0.19015502602621567
2022-08-19,0.4801779581882773,0.514907896310164,0.3236785957450736,0.3891334893276306,0.5179393943284317,0.4720828371392904,0.3512326519282084,0.30387281105779396,0.49619595789598464,0.5166040353886485,0.16233755472886532,0.420342222355807,0.21099322129703185,0.19413922142952963,0.11126204996000208,0.38750301956815714,0.5370059666041045,0.48239616030301385,0.18579690017898268,0.20150516439051774,0.23466093253338344
2022-09-09,0.5243263976245957,0.5201641665621402,0.22464842632253695,0.40808609096542614,0.5624978971950486,0.5220312655521157,0.43380974020862945,0.36095103487155283,0.5438672419703282,0.5360346118350752,0.336215311911901,0.4780815602532568,0.28867598474968625,0.2351381286984296,0.07186917758641878,0.30689121918447276,0.562605616132362,0.5306002634138733,0.14055780039917115,0.2791354906471496,0.16744046067820925
2022-09-30,0.5959980453323142,0.5937554349608467,0.3375495282346949,0.48147168831453346,0.6266431370137173,0.6030498597326513,0.5008927401033889,0.4804125371586469,0.613484392297357,0.6254501930843617,0.4169972192886287,0.5420627471871329,0.33239759546803,0.3519832375541293,0.1137536751878605,0.3189683766418035,0.6362018658118418,0.6183320076698575,0.17941014453307025,0.38606258323679954,0.10444964221954822
2022-10-21,0.6317459933559003,0.6436488271071615,0.47332091479743593,0.5550667385477502,0.6529144232354768,0.6191042701510094,0.5739268755091472,0.5212587164861586,0.6548948703252903,0.6742674153752573,0.504350528723187,0.5185564733606244,0.37034238122381846,0.36916491522401046,0.0898888828324132,0.3103307023063958,0.6669870536014316,0.6548987260171437,0.2325399775614148,0.4497394827804785,0.09343375735634159
2022-11-11,0.6463204081727161,0.672038211987707,0.5016748067095634,0.6164607469227549,0.6660910052135137,0.6429755893348807,0.615946002505266,0.5806731659495237,0.6671003403017738,0.6891236466121337,0.5158914251474228,0.5427943432382331,0.43353810196390113,0.4518964562040475,0.09654978332267876,0.33020109323246927,0.6935701059865031,0.6665522444912909,0.31028379230232206,0.5171622058881783,0.11188663184509955
2022-12-02,0.6302183132571847,0.6456652859335181,0.42313602224381447,0.5795580549047814,0.6271896578276662,0.5989485164973142,0.5723950636686268,0.5577249513947845,0.6422637750696233,0.6595028957497199,0.477650660715906,0.4651921601464184,0.42371930702912575,0.3843980227847073,0.16375454842151305,0.3485773323077465,0.6656365648949035,0.6358162051897708,0.22843735894596215,0.397624533227805,0.11361035601818865
2022-12-23,0.6311551774330636,0.639219771105257,0.4480387427805752,0.5586962141692456,0.6165697919762976,0.6060853893539794,0.5709903338826459,0.5207499854208979,0.6251106583920675,0.6506577116457426,0.4623910349475443,0.42659237044471554,0.33390301387378213,0.4059558523365349,0.11385837550182791,0.39468690000948375,0.6612487031143272,0.6357091777679533,0.2964829171688454,0.36939340540683274,0.17634977215618564
2023-01-13,0.6088024698306186,0.5830761369747647,0.4021091429110132,0.4805060355871726,0.6148782228302211,0.5551347851725797,0.502933556889726,0.4554579125636498,0.619643533032642,0.616354562387895,0.4355940864186322,0.42615502885601614,0.2701239377268016,0.33524757409193917,0.124059082136083,0.3484905867051735,0.6415552414174758,0.6127473035565919,0.27003169099465896,0.3482536482156999,0.24302212865538383
2023-02-03,0.5634993552095737,0.5522389406476648,0.35954891015265944,0.46680119901658984,0.5781485321803862,0.4999646387289462,0.4740786114748401,0.43632366729043764,0.5849486584651999,0.5798536239514291,0.3075097087853917,0.40428531569433046,0.1795826442451931,0.22551742727368257,0.1408503285655663,0.3025433729684194,0.6002015635659674,0.5541291622947331,0.2603911589802406,0.40301421514107716,0.20125235225764487
2023-02-24,0.5206030339166621,0.5077254858918604,0.25464648031951775,0.4197854684124553,0.5271083795661659,0.49132448298611253,0.3694967645839157,0.41829779893387836,0.5391959471312878,0.5496779055666458,0.26509704798069267,0.3670786918309898,0.26895968740358944,0.25773193989477805,0.1344658413600206,0.263866698785686,0.5712993130213073,0.5299737659705988,0.15136873899870296,0.3378821160897297,0.16837958253069787
2023-03-17,0.48113131274204496,0.5300147560938221,0.3324163546104273,0.41303602008155205,0.5301687429892108,0.44269446851671584,0.3089367206937682,0.3156829942258205,0.50318227581074,0.5416236992190692,0.21817298654061323,0.47379838989594447,0.2332469329360515,0.31674660644227975,0.29473721382343443,0.43701496732569395,0.5501316891645872,0.4918997898945895,0.2030157051196289,0.23209659446108888,0.1517189824756305
2023-04-07,0.4321758199228528,0.5733282240571473,0.41246792430893076,0.4105584716562487,0.5676157259983706,0.43788394175522577,0.32200597991473595,0.2701869046683062,0.5514723147227854,0.5864269269970842,0.31844814797586657,0.5540701594571386,0.31551324371376666,0.4137275157214323,0.42970149792448176,0.4924470843200929,0.5717631369587514,0.48552843583392724,0.2255112905758045,0.20900213294954167,0.11183784720483744
2023-04-28,0.4383872554042035,0.590720516139349,0.4614537364699083,0.42485298215240885,0.5867310425156866,0.49994923995058677,0.37721210127282356,0.24894485510666842,0.5764529426911554,0.6132557342781256,0.34529580309155283,0.6027640417750115,0.4551148145546174,0.49497055875854434,0.4726954580777603,0.5496663089095947,0.6038375597499496,0.5123294918410707,0.23967026195204463,0.1955360931857808,0.1201248129410956
2023-05-19,0.43105283651747295,0.6333432785263684,0.4933057939087325,0.44850747903996024,0.587219915329654,0.5140447776453816,0.43651820198572866,0.2150381471573993,0.5965143865117546,0.6179346509170457,0.4319994139369193,0.613747921446803,0.4373674536231434,0.5436141043934815,0.5351634338046478,0.5739994567100243,0.6329542834536797,0.5288588969428833,0.33188820640065886,0.12921076733690662,0.16753860171101717
2023-06-09,0.4006216684996794,0.5856138899175697,0.45115868432846706,0.37953203971901167,0.552839479909403,0.48003672622671106,0.3459011232666766,0.22403888135423672,0.546904686302798,0.5306551827516086,0.27403024856383895,0.5587466884266412,0.34017596183246396,0.46244153340470584,0.4321921447030581,0.5372094345653605,0.5913101901806963,0.4835586123462704,0.32323849977833824,0.2001511331654271,0.15094177788576474
2023-06-30,0.3717230449251493,0.5508256634649077,0.4137123467396965,0.315832692647491,0.5199986608653572,0.39003026020751297,0.3400812970986123,0.2246484001794748,0.5113657108573623,0.4837636455079357,0.29234738984302217,0.4386937420818319,0.26467588746736326,0.39527533253781544,0.36050647477471337,0.49902545523230657,0.5423281644654704,0.4225150358038757,0.27449079969217277,0.22891540519752432,0.16100424493505888
2023-07-21,0.3192167266114845,0.4190047386888887,0.29268708438103325,0.170578537594643,0.4068801847640655,0.32489905811487607,0.26104998904609134,0.22609781528594647,0.41411274215072547,0.3607598907364288,0.18043400525320336,0.2703555906960134,0.1789528444475784,0.23351929120694206,0.2559737150077026,0.4095059416432353,0.42912943706388296,0.350384689860998,0.2052732258585329,0.3203273848837277,0.1281957673371909
2023-08-11,0.31831635937111463,0.38282754909381855,0.2729398571986974,0.16478347437448115,0.3726015187251494,0.32074292998125936,0.2541214900500714,0.23103321103190416,0.36952924170740337,0.40970604789260046,0.33312223485770603,0.2583599769282597,0.2289892935155759,0.20211968719322973,0.13911433720732957,0.2887561598137175,0.440481096180353,0.3644186702627886,0.16232052773021405,0.30492501333924543,0.19013943886664464
2023-09-01,0.3867010968581907,0.4362169721820773,0.2902483970759515,0.236530741180343,0.4525963553400188,0.4325132500759662,0.3159625038598337,0.24679956612025294,0.42957079083048405,0.5054294538744482,0.4270017128076938,0.43840508360553815,0.3634535443078917,0.2663494500402838,0.22123622309465096,0.2441878943899362,0.5196952554863321,0.45700835801918843,0.1402649405335476,0.3122990566522071,0.19170998369029257
2023-09-22,0.38144616277174187,0.4614497445441409,0.2588181610021093,0.3833407861891493,0.5019963126210364,0.4710471078838537,0.4280205971908247,0.30636550595258394,0.4722449100683953,0.5157048366114432,0.3772342716935225,0.48171482568175267,0.3348252148043884,0.2198174067675515,0.2346630866540008,0.26564135959147595,0.5308762611681045,0.4695688463529172,0.13057835213054117,0.2779179974031381,0.19044494061082984
2023-10-13,0.43550647773883927,0.5304175563440968,0.20977460111728086,0.4771399248806769,0.5519227693638827,0.5161404322396828,0.42987631863234366,0.3198999827880506,0.5196915971202969,0.5572900895035097,0.3399982992871659,0.5163808151485663,0.3887808040719558,0.2408345878356274,0.269815069198712,0.3384750850521813,0.578269326740624,0.5124516175456654,0.13698039753944383,0.4073846051109708,0.0
2023-11-03,0.4374763604559022,0.5435130753884551,0.2386709018255251,0.48699261409742006,0.5435521029358257,0.5284692670749451,0.3755475076704588,0.34742719472702366,0.5081962998717313,0.5357580201352663,0.14712552063953838,0.5049750535656566,0.31063341358264274,0.1362195749528307,0.3399574876358516,0.4373827298978575,0.5737570179762569,0.5130622948553206,0.18464802264838046,0.376368098235898,0.0
2023-11-24,0.47595208243392145,0.5612012518069401,0.22773503585478344,0.4482083136291874,0.5620588302054811,0.5601255668860623,0.344462525764029,0.3910031828064662,0.5105548944188838,0.5430360209617916,0.1761223100491798,0.5010717601445043,0.3498271113811491,0.22491886259039173,0.28015788245437107,0.4186136508813292,0.5931987253807877,0.5453168718786333,0.18603599604688578,0.3948170287971009,0.0
2023-12-15,0.4306475329962651,0.531719694630941,0.27634458713804605,0.4019992130480866,0.5428887396869918,0.5325227567152999,0.29534936968751374,0.39666128083437685,0.48420369594811047,0.504916816435441,0.21074722793908435,0.41784775915929595,0.30271309180118816,0.24086258824280318,0.21937628706316945,0.3299395015564439,0.5611449734893753,0.5062842673640846,0.15889785289868222,0.2830152730627848,0.0
2024-01-05,0.38076655407404714,0.5171538548237101,0.23607813782373013,0.32070407683066154,0.5094953998717072,0.5144278875363235,0.3432526615021449,0.39795837569615106,0.5235815426761584,0.5388393770531262,0.2869923691665006,0.3478420758767198,0.2740419095057984,0.34698826418025275,0.22638530494711429,0.2783356221584141,0.5399193176621937,0.4853828613704583,0.13485678011118105,0.3386735620195866,0.0
2024-01-26,0.32242510329537366,0.4362078204321465,0.23294089228085046,0.3165945087932095,0.4675248000551372,0.4078586940755156,0.33900423762791726,0.3118478725290807,0.46724461632109976,0.46713381983865926,0.36498534522292164,0.29246670663636004,0.20338855871512126,0.2930324509865808,0.1769017415690923,0.2615158347518652,0.4865585905384133,0.41394075611313685,0.1403213059814968,0.2867818457649102,0.0
2024-02-16,0.3674311988025047,0.4608268543150796,0.23512582834845797,0.3737533847389817,0.5268556138157159,0.46028315958595273,0.36994609306974474,0.35348466837455195,0.5041444388323765,0.5069854342335386,0.425506043150413,0.4118321085985799,0.25529896971533345,0.27568034129978497,0.11183665514668077,0.2704711854290277,0.5140886577131216,0.44346537527613333,0.13152193325434702,0.3052686687520292,0.0
2024-03-08,0.34869186381550493,0.4158392693173621,0.24742643397665978,0.40711260425237855,0.4971034227751257,0.40079500098946624,0.31646910843593984,0.3097928252332437,0.4715933946787021,0.45088254978052184,0.3080422963952427,0.37738508603896714,0.31606973988680537,0.29191644456659926,0.11374493298061153,0.3102287164197242,0.47443624526764117,0.4064614753801911,0.11231498576563541,0.2654157422940376,0.0
2024-03-29,0.34183465441900196,0.43672806428393657,0.22810932827191258,0.40899453165497357,0.5054468463322696,0.4442143606515979,0.394836423192756,0.32161404089005696,0.48336484190462947,0.4660484589969131,0.2868028484885014,0.38684155676070475,0.3243064850858299,0.2957968652109357,0.1447307752342129,0.3230755261606757,0.4611515111579719,0.3896259842682816,0.11283513182232578,0.2739352202700783,0.0
2024-04-19,0.37599519947366494,0.4473088705831535,0.19670281694776479,0.42142738519507705,0.48327583231549076,0.4472009178613498,0.33424373208508024,0.2622427970646197,0.47968406835512023,0.46144860809355176,0.19046098196906766,0.41548772897703184,0.2315630446348645,0.2196168068657812,0.1451099911107061,0.3185580765942613,0.47427567357579825,0.4021631702978496,0.15023057107231155,0.26722372300899255,0.0
2024-05-10,0.4048359780939376,0.44514417699297626,0.2833589327687639,0.41658757461037477,0.5141613307339205,0.5044715198134286,0.3713461197109417,0.33154412760720686,0.43885697983341865,0.545675813553479,0.1712163150615483,0.4553197761457901,0.30374290551105676,0.30587062953411803,0.118657557081011,0.31909305674122374,0.5150934899586418,0.43437924896752483,0.1780094679105258,0.3562188868907162,0.0
2024-05-31,0.4091481125066859,0.4511148883371214,0.3424435123064215,0.43821676963476225,0.5080917994083264,0.5031287677594815,0.3278429479117995,0.40376555356630633,0.45893992963590347,0.5596654673018615,0.23492610751696388,0.48509160973816673,0.3385449213277727,0.31679308143150514,0.13242468860509016,0.3024890273455075,0.5348850110354341,0.4435334911104314,0.1300834121043255,0.4240477824598557,0.0
2024-06-21,0.3303861995234201,0.3542996055063635,0.3414053937407268,0.3309948948707525,0.45573169783736667,0.4241217446170215,0.23899761274705283,0.3103402532392886,0.3902622706805192,0.5113439971957447,0.22594965487198718,0.41357329062073667,0.3118142393894157,0.30593509079018893,0.11260105639784769,0.2649547259726253,0.49057166753789766,0.3776360928046386,0.1914256511444403,0.37755502752248965,0.0
2024-07-12,0.20734487892336312,0.3158713628912541,0.27466080420479305,0.28335867271999526,0.36623498058646337,0.26338580686163554,0.23062048154985618,0.3596187818373477,0.3739863107306995,0.3524277224720496,0.2558942342246448,0.29122464623231575,0.3081189410171438,0.24184254543693995,0.17988305329358745,0.1650660704097578,0.360304495487698,0.23086449161136413,0.20849540255261861,0.31088498056546604,0.0
2024-08-02,0.3226666716266852,0.28788328807396063,0.21016842141787617,0.1956101730806517,0.41177086233245364,0.35291860872636,0.18878111161742298,0.21360498106424783,0.40186239702868165,0.3588060125623029,0.2540394692115556,0.32407312438015384,0.2662852376612886,0.2351435016345342,0.20182656582428907,0.25653282243031933,0.3794274179981693,0.33986307186378206,0.15310604672004063,0.24487795200867593,0.0
2024-08-23,0.4057932486235713,0.4702705370392485,0.34535738961113044,0.33305572751408136,0.5027871735684135,0.46193488208200467,0.28396378923417204,0.23647310378561842,0.4768677592460786,0.4630699866738789,0.28180056777710005,0.47169862543624264,0.26749951869397326,0.3345087677567052,0.18459570452881413,0.4203300584454038,0.5132810485629904,0.44621718433339674,0.151899077239264,0.19976069954062106,0.0
2024-09-19,0.45484348457970947,0.49640864164958975,0.3848842150753016,0.34476510395897353,0.5365084521491268,0.5044359541269521,0.29086424668164385,0.25897959674333415,0.5394407893905679,0.5192107631371559,0.3188813368756177,0.49427922684912085,0.2593770664601182,0.3224394345326502,0.1614470914229216,0.4334498189595295,0.5580387757888298,0.5029341840911039,0.19945314115833748,0.1974974155242128,0.0
2024-10-10,0.4738284218984843,0.5017004011217845,0.3136346818657572,0.4179127337266757,0.5406821951820928,0.5029355682661825,0.32125264539797066,0.24102183527313428,0.4921558897525934,0.5313864877193265,0.2549067697074883,0.4749252697664049,0.2867397216920754,0.29314969192070545,0.15703498271125627,0.44280778763966105,0.5576166716749634,0.5206644513654222,0.16209951161589103,0.20227144913265907,0.16534128779562163
2024-10-31,0.34805683245808305,0.36124735269387925,0.18437430114576447,0.31932259182315365,0.405247819810311,0.3623583459162486,0.2509774348923401,0.17933653931678373,0.36921772358847826,0.4187784677244196,0.2258701393292779,0.37246938162649573,0.20173466080670205,0.18178364190389834,0.17225070779312088,0.28423677791767654,0.4584615424890363,0.39063276911174755,0.13790533608564312,0.26320042021524764,0.21504688231145802
2024-11-21,0.3836432651102576,0.40891332391652935,0.19279101246691957,0.30948080291543006,0.415591543855265,0.3445445796753476,0.1834162624689853,0.13790677748621222,0.29255124254083836,0.4041212516430946,0.20100582894680574,0.3897860368378765,0.27798296595437877,0.19491142193329153,0.20529439589817403,0.36996847173850234,0.441478623018159,0.4098192956951127,0.14010296824618,0.2078544125323714,0.16694761369384506
2024-12-12,0.33154240615539077,0.37268283453582485,0.2312302653726442,0.2839900200498555,0.3888582396226331,0.2950663073253126,0.1868636399627263,0.18779750903635264,0.27905231751614173,0.37930947078136423,0.1478403305946816,0.3678939308781789,0.2505150247345941,0.1956324400377351,0.16554699513469756,0.3136243575224017,0.3944550849867219,0.3524486548661914,0.14678329936468926,0.23849395392737088,0.14662163843624532
2025-01-02,0.3721897023433323,0.39880268914454425,0.27891564564856863,0.32464781672343146,0.4240612147650836,0.3850357722412753,0.2483465534189329,0.23102585873594142,0.42292090560134926,0.4104090917250991,0.17783316803243476,0.4089575589692053,0.23174778572328894,0.2084577973005473,0.14521440099469055,0.2531213423264141,0.4435716177063549,0.3882216607381862,0.10612285348978963,0.20933488976364528,0.10524650371901698
2025-01-23,0.38757397787078374,0.5039364748017372,0.27032923328306635,0.3223792894243912,0.4943033448684706,0.40041515399991495,0.3568091086275435,0.33769615695784405,0.44089103149656284,0.5173823449006362,0.18516879355189603,0.44484346901502636,0.3629264370448718,0.319864606677816,0.12807999346064022,0.2260140600063735,0.48954689531017637,0.400857455223852,0.18034549840168732,0.2557056089485754,0.13172039526733972
2025-02-13,0.3676683806328075,0.4759120133490965,0.3210434362158004,0.2874064291482111,0.4813982930882692,0.4051074614010317,0.26892286937598175,0.3421712789609432,0.46016486477632473,0.5343003940218255,0.2822507809091376,0.44396894455264463,0.35360841686364675,0.3244946261737649,0.17923644203524458,0.26472402905762216,0.48020355276092774,0.39682566764509075,0.12421175886198192,0.30613068217232875,0.14919167171172398
2025-03-07,0.4132298356193411,0.39584344169868496,0.24564510520886151,0.2183272454109987,0.4130584026465598,0.41195617976069526,0.2615070239498445,0.3012939211814725,0.3761576418746784,0.4750009931616908,0.126831778816552,0.4326564567279434,0.218300208551684,0.20053005149403938,0.10589609741042318,0.3731831538093703,0.45899056844802205,0.41760026247734416,0.14404252023796352,0.22019438290023477,0.0
2025-03-28,0.4916918768215183,0.3887693030319439,0.27602584233400984,0.23581453583757842,0.4949921124162147,0.4542100794767506,0.223787655725751,0.2488081390999171,0.4290734056713181,0.518827327632353,0.1191807241121734,0.48867397123393436,0.2743788900750033,0.2807590974437624,0.11058213492008288,0.46306590927297364,0.5251929266818409,0.496116768377739,0.23866908568845646,0.1881418656528611,0.0
2025-04-22,0.6896110664101192,0.694074782016487,0.655355851945796,0.595381171174757,0.720293853948263,0.6839588129278034,0.4566455320913669,0.5440258429708745,0.7076986858221532,0.7069211284140046,0.29500737932187227,0.6819314473815346,0.3044598371369524,0.5292820650029787,0.30737297535296043,0.5710227572260101,0.7203904906884289,0.691077695389421,0.5740791823295587,0.09495500849636684,0.0
2025-05-17,0.6850859666608039,0.7037900824894504,0.6619306744099622,0.5160662370535012,0.7137980078247372,0.6811299240521723,0.4374950482622033,0.5160285023009079,0.6987691189690584,0.7091561790368557,0.1638235227814524,0.6791872983007959,0.3020441901799592,0.5241106614179865,0.4034024495845468,0.5765481557674158,0.7132163219586535,0.6895915737235635,0.5140529427131707,0.1460777439105186,0.0
2025-06-07,0.6879908997487028,0.7060707576669256,0.6806311854835342,0.5182713720293586,0.7135631566046052,0.6834423782762119,0.4836334297761037,0.5338904855524332,0.6971624904717632,0.7049841592066743,0.14681893201446064,0.6784724289710408,0.2536069100718863,0.4820578622379006,0.4172044798469789,0.5647622008921606,0.7120429933942346,0.6927730165337542,0.49868680480095984,0.20426395332080513,0.0
2025-06-28,0.5131056534781656,0.5525577386284373,0.3128411821323755,0.37510836136320025,0.5509989643027636,0.5453314779825207,0.2863201278579276,0.28716347020992944,0.4975632369150582,0.57189673594816,0.35277617976445,0.48065689022327085,0.1864093688553599,0.2699358467370061,0.2436972029965656,0.4800837723545862,0.5790707219360168,0.5449765579650997,0.24556431941899207,0.23756442943470116,0.0
2025-07-20,0.43360137573132246,0.5322794847472272,0.16324754199634112,0.38451720777534876,0.507557440972735,0.464840864927677,0.3658680763154852,0.2989720993655356,0.4412427785598131,0.5231268342432678,0.24996804850805984,0.410446999858289,0.24085520848506156,0.23405576427783112,0.14297780563030582,0.37492406408610635,0.549755848975066,0.4841734607378423,0.3208592154244519,0.13442731412384817,0.0
2025-08-10,0.3660136865852021,0.46929400531399706,0.14069412235179607,0.2537825722721603,0.4447820222500678,0.40515764619596206,0.28949363399389644,0.20590491590162835,0.35896891027752253,0.45785474409664223,0.2771600950412314,0.42092217570087004,0.24900988185162964,0.28163774683626397,0.1807625358699481,0.39375839517135186,0.503055084034868,0.44333074919943766,0.3284790158395452,0.2540746955504092,0.0
2025-09-05,0.3475794553927516,0.42207320032370055,0.24364911826743232,0.25379114388196433,0.418251742154085,0.4016920061610708,0.22933415882836816,0.19443289858287086,0.3692448441961708,0.44656996553889416,0.22010927827962548,0.42353823912168737,0.23833420984903386,0.27085938114234515,0.19291370576189082,0.36814464471409475,0.4536072323920514,0.37634125727917667,0.22408822114292737,0.2933166943637233,0.0
2025-09-27,0.33147121758171727,0.3659155291352803,0.1654507437220302,0.2607268373457903,0.3878946241261319,0.3531130418135961,0.22001176758086421,0.13007532264217628,0.36205064066155984,0.4119802776656658,0.19766054517538176,0.4102383620235308,0.23553278700794128,0.2888732763571464,0.18729065410990436,0.35754862534139475,0.4165700048614549,0.3649639986938104,0.23311924800595793,0.26072220601011054,0.11434979039779299
2025-10-18,0.3750672083684347,0.36301587285886894,0.2577490694924033,0.24658234849518285,0.4188574773442519,0.38545438387860864,0.1972833129264497,0.21325680082544488,0.3796305942496284,0.42861000136162686,0.1905692512207235,0.4058390620591104,0.21198649835295283,0.26047238392351424,0.16623237000093768,0.35124045210455324,0.44581646367462036,0.40994121933160077,0.20973823539217157,0.22829518224990375,0.1145168936836056
2025-11-08,0.38551960902529936,0.33326777741754154,0.23395190453989523,0.20930022706865725,0.3914156140528363,0.35978685054423915,0.19121029361422265,0.2312875851161392,0.3410028192401066,0.41476461888348554,0.10705072198974644,0.4114296275564261,0.2972090355528151,0.3032819474801547,0.1265785907900671,0.368738716699165,0.45254991151454727,0.4173962534474012,0.21680669887344362,0.1773508154003994,0.11529698661241998
2025-11-29,0.43988238789368445,0.37254233971978923,0.30993843223615886,0.22218329627875497,0.43098245545335645,0.40132993146917056,0.16357505147521328,0.2580894121866433,0.3916483632753799,0.46395275358489496,0.14260543744648702,0.4565090218395185,0.2636778014437383,0.26271409884096164,0.09599990439761959,0.4060207064627276,0.48569947493169563,0.4587924054789202,0.20881269839635777,0.17397660205160395,0.1284941406570397
