,consensus
2006-02-09,0.1875
2006-02-14,0.1875
2006-02-22,0.125
2006-02-27,0.25
2006-03-04,0.3125
2006-03-09,0.3125
2006-03-14,0.1875
2006-03-19,0.25
2006-03-24,0.1875
2006-03-29,0.1875
2006-04-03,0.1875
2006-04-08,0.1875
2006-04-13,0.1875
2006-04-18,0.1875
2006-04-23,0.1875
2006-04-28,0.125
2006-05-03,0.125
2006-05-08,0.0625
2006-05-13,0.0625
2006-05-18,0.0625
2006-05-23,0.125
2006-05-28,0.0625
2006-06-02,0.0625
2006-06-07,0.0
2006-06-12,0.0
2006-06-17,0.0625
2006-06-22,0.0625
2006-06-27,0.0625
2006-07-02,0.125
2006-07-07,0.125
2006-07-12,0.0625
2006-07-17,0.0625
2006-07-22,0.125
2006-07-27,0.125
2006-08-01,0.1875
2006-08-08,0.0625
2006-08-13,0.125
2006-08-18,0.125
2006-08-23,0.0625
2006-08-28,0.0625
2006-09-02,0.0625
2006-09-07,0.0625
2006-09-12,0.125
2006-09-17,0.125
2006-09-22,0.0625
2006-09-27,0.0625
2006-10-02,0.0625
2006-10-07,0.0
2006-10-12,0.0
2006-10-17,0.0
2006-10-22,0.0
2006-10-27,0.0
2006-11-01,0.0
2006-11-06,0.0
2006-11-11,0.0
2006-11-16,0.0
2006-11-21,0.0
2006-11-26,0.0625
2006-12-01,0.0625
2006-12-06,0.0625
2006-12-11,0.0
2006-12-16,0.0
2006-12-21,0.0
2006-12-26,0.0
2006-12-31,0.0
2007-01-05,0.0
2007-01-10,0.0625
2007-01-15,0.0
2007-01-20,0.0
2007-01-25,0.0
2007-01-30,0.0
2007-02-04,0.0
2007-02-09,0.0
2007-02-14,0.0
2007-02-19,0.0
2007-02-24,0.0
2007-03-01,0.1875
2007-03-06,0.125
2007-03-11,0.1875
2007-03-16,0.125
2007-03-21,0.125
2007-03-26,0.125
2007-03-31,0.125
2007-04-05,0.125
2007-04-10,0.125
2007-04-18,0.125
2007-04-23,0.125
2007-04-28,0.125
2007-05-03,0.125
2007-05-08,0.0
2007-05-13,0.0
2007-05-18,0.0
2007-05-23,0.0
2007-05-28,0.0
2007-06-02,0.125
2007-06-07,0.125
2007-06-12,0.125
2007-06-17,0.1875
2007-06-22,0.125
2007-06-27,0.0
2007-07-02,0.0
2007-07-07,0.0625
2007-07-12,0.125
2007-07-17,0.0625
2007-07-22,0.0
2007-07-27,0.0
2007-08-01,0.0
2007-08-06,0.125
2007-08-11,0.1875
2007-08-16,0.25
2007-08-21,0.375
2007-08-26,0.375
2007-08-31,0.375
2007-09-05,0.375
2007-09-10,0.375
2007-09-15,0.3125
2007-09-20,0.3125
2007-09-25,0.25
2007-09-30,0.375
2007-10-05,0.375
2007-10-10,0.3125
2007-10-15,0.125
2007-10-20,0.1875
2007-10-25,0.125
2007-10-30,0.125
2007-11-04,0.0625
2007-11-09,0.0625
2007-11-14,0.0625
2007-11-19,0.0625
2007-11-24,0.1875
2007-11-29,0.0625
2007-12-04,0.0625
2007-12-09,0.0625
2007-12-14,0.0625
2007-12-19,0.125
2007-12-24,0.125
2007-12-29,0.0625
2008-01-03,0.0625
2008-01-08,0.0625
2008-01-13,0.0625
2008-01-18,0.0625
2008-01-23,0.0625
2008-01-28,0.0625
2008-02-02,0.0625
2008-02-07,0.0625
2008-02-12,0.0625
2008-02-17,0.0625
2008-02-22,0.0625
2008-02-27,0.0625
2008-03-03,0.0625
2008-03-08,0.0625
2008-03-13,0.0625
2008-03-18,0.0625
2008-03-23,0.0625
2008-03-28,0.0625
2008-04-02,0.0625
2008-04-07,0.0625
2008-04-12,0.0625
2008-04-17,0.0625
2008-04-22,0.0625
2008-04-27,0.0625
2008-05-02,0.0625
2008-05-07,0.0625
2008-05-12,0.0625
2008-05-17,0.125
2008-05-22,0.0625
2008-05-27,0.0625
2008-06-01,0.0625
2008-06-06,0.125
2008-06-11,0.125
2008-06-16,0.0625
2008-06-21,0.0625
2008-06-26,0.0625
2008-07-01,0.0625
2008-07-06,0.0625
2008-07-11,0.0625
2008-07-16,0.0625
2008-07-21,0.125
2008-07-26,0.0625
2008-07-31,0.125
2008-08-05,0.0625
2008-08-10,0.0625
2008-08-15,0.0625
2008-08-20,0.0625
2008-08-25,0.0625
2008-08-30,0.0625
2008-09-04,0.0625
2008-09-09,0.0625
2008-09-14,0.0625
2008-09-19,0.1875
2008-09-24,0.1875
2008-09-29,0.1875
2008-10-04,0.125
2008-10-09,0.1875
2008-10-14,0.125
2008-10-19,0.1875
2008-10-24,0.125
2008-10-29,0.125
2008-11-03,0.0625
2008-11-08,0.0625
2008-11-13,0.0625
2008-11-18,0.0625
2008-11-23,0.0625
2008-11-28,0.0625
2008-12-03,0.125
2008-12-08,0.0625
2008-12-13,0.0625
2008-12-18,0.0625
2008-12-23,0.0625
2008-12-28,0.0625
2009-01-02,0.125
2009-01-07,0.0625
2009-01-12,0.0625
2009-01-17,0.125
2009-01-22,0.125
2009-01-27,0.125
2009-02-01,0.125
2009-02-06,0.0625
2009-02-11,0.0625
2009-02-16,0.125
2009-02-21,0.0625
2009-02-26,0.125
2009-03-03,0.125
2009-03-08,0.125
2009-03-13,0.0625
2009-03-18,0.0625
2009-03-23,0.125
2009-03-28,0.125
2009-04-02,0.125
2009-04-07,0.125
2009-04-12,0.125
2009-04-17,0.125
2009-04-22,0.125
2009-04-27,0.125
2009-05-02,0.125
2009-05-07,0.125
2009-05-12,0.125
2009-05-17,0.125
2009-05-22,0.0625
2009-05-27,0.0625
2009-06-01,0.125
2009-06-06,0.125
2009-06-11,0.125
2009-06-16,0.0625
2009-06-21,0.0625
2009-06-26,0.0625
2009-07-01,0.0625
2009-07-06,0.125
2009-07-11,0.0625
2009-07-16,0.0625
2009-07-21,0.0625
2009-07-26,0.125
2009-07-31,0.0625
2009-08-05,0.0625
2009-08-10,0.125
2009-08-15,0.125
2009-08-20,0.125
2009-08-25,0.0625
2009-08-30,0.0625
2009-09-04,0.0625
2009-09-09,0.0625
2009-09-14,0.0625
2009-09-19,0.0625
2009-09-24,0.0625
2009-09-29,0.0625
2009-10-04,0.125
2009-10-09,0.125
2009-10-14,0.0625
2009-10-19,0.0625
2009-10-24,0.0625
2009-10-29,0.0625
2009-11-03,0.0625
2009-11-08,0.0625
2009-11-13,0.0625
2009-11-18,0.0625
2009-11-23,0.0625
2009-11-28,0.0625
2009-12-03,0.1875
2009-12-08,0.0625
2009-12-13,0.0625
2009-12-18,0.0625
2009-12-23,0.0625
2009-12-28,0.0625
2010-01-02,0.0625
2010-01-07,0.125
2010-01-12,0.125
2010-01-17,0.125
2010-01-22,0.125
2010-01-27,0.125
2010-02-01,0.125
2010-02-06,0.1875
2010-02-11,0.1875
2010-02-16,0.1875
2010-02-21,0.1875
2010-02-26,0.1875
2010-03-03,0.125
2010-03-08,0.1875
2010-03-13,0.25
2010-03-18,0.1875
2010-03-23,0.1875
2010-03-28,0.1875
2010-04-02,0.1875
2010-04-07,0.1875
2010-04-12,0.125
2010-04-17,0.0625
2010-04-22,0.0625
2010-04-27,0.0625
2010-05-02,0.125
2010-05-07,0.5
2010-05-12,0.375
2010-05-17,0.4375
2010-05-22,0.375
2010-05-27,0.375
2010-06-01,0.4375
2010-06-06,0.375
2010-06-11,0.375
2010-06-16,0.3125
2010-06-21,0.3125
2010-06-26,0.3125
2010-07-01,0.3125
2010-07-06,0.375
2010-07-11,0.375
2010-07-16,0.3125
2010-07-21,0.3125
2010-07-26,0.3125
2010-07-31,0.25
2010-08-05,0.3125
2010-08-10,0.1875
2010-08-15,0.25
2010-08-20,0.25
2010-08-25,0.375
2010-08-30,0.375
2010-09-04,0.3125
2010-09-09,0.3125
2010-09-14,0.3125
2010-09-19,0.3125
2010-09-24,0.25
2010-09-29,0.3125
2010-10-04,0.3125
2010-10-09,0.3125
2010-10-14,0.25
2010-10-19,0.125
2010-10-24,0.125
2010-10-29,0.0625
2010-11-03,0.0625
2010-11-08,0.0625
2010-11-13,0.0625
2010-11-18,0.0625
2010-11-23,0.0625
2010-11-28,0.0625
2010-12-03,0.125
2010-12-08,0.0625
2010-12-13,0.0625
2010-12-18,0.125
2010-12-23,0.1875
2010-12-28,0.125
2011-01-02,0.125
2011-01-07,0.0625
2011-01-12,0.0625
2011-01-17,0.125
2011-01-22,0.0625
2011-01-27,0.0625
2011-02-01,0.0
2011-02-06,0.0
2011-02-11,0.0
2011-02-16,0.0
2011-02-21,0.0
2011-02-26,0.0625
2011-03-03,0.0625
2011-03-08,0.0
2011-03-13,0.0
2011-03-18,0.0
2011-03-23,0.0
2011-03-28,0.0625
2011-04-02,0.125
2011-04-07,0.1875
2011-04-12,0.0625
2011-04-17,0.0625
2011-04-22,0.0625
2011-04-27,0.0
2011-05-02,0.0
2011-05-07,0.125
2011-05-12,0.25
2011-05-17,0.125
2011-05-22,0.0
2011-05-27,0.0
2011-06-01,0.0
2011-06-06,0.0625
2011-06-11,0.0625
2011-06-16,0.1875
2011-06-21,0.1875
2011-06-26,0.1875
2011-07-01,0.25
2011-07-06,0.25
2011-07-11,0.25
2011-07-16,0.25
2011-07-21,0.125
2011-07-26,0.1875
2011-07-31,0.3125
2011-08-05,0.375
2011-08-10,0.4375
2011-08-15,0.25
2011-08-20,0.3125
2011-08-25,0.3125
2011-08-30,0.3125
2011-09-04,0.375
2011-09-09,0.3125
2011-09-14,0.3125
2011-09-19,0.375
2011-09-24,0.375
2011-09-29,0.4375
2011-10-04,0.4375
2011-10-09,0.375
2011-10-14,0.375
2011-10-19,0.375
2011-10-24,0.3125
2011-10-29,0.3125
2011-11-03,0.375
2011-11-08,0.375
2011-11-13,0.3125
2011-11-18,0.3125
2011-11-23,0.3125
2011-11-28,0.3125
2011-12-03,0.3125
2011-12-08,0.3125
2011-12-13,0.3125
2011-12-18,0.3125
2011-12-23,0.3125
2011-12-28,0.3125
2012-01-02,0.3125
2012-01-07,0.3125
2012-01-12,0.3125
2012-01-17,0.3125
2012-01-22,0.3125
2012-01-27,0.3125
2012-02-01,0.3125
2012-02-06,0.1875
2012-02-11,0.1875
2012-02-16,0.125
2012-02-21,0.1875
2012-02-26,0.0
2012-03-02,0.0
2012-03-07,0.0
2012-03-12,0.0
2012-03-17,0.0
2012-03-22,0.0
2012-03-27,0.0
2012-04-01,0.0
2012-04-06,0.0
2012-04-11,0.0
2012-04-16,0.0
2012-04-21,0.0
2012-04-26,0.0625
2012-05-01,0.0625
2012-05-06,0.125
2012-05-11,0.0
2012-05-16,0.0
2012-05-21,0.125
2012-05-26,0.1875
2012-05-31,0.3125
2012-06-05,0.25
2012-06-10,0.375
2012-06-15,0.375
2012-06-20,0.375
2012-06-25,0.375
2012-06-30,0.375
2012-07-05,0.4375
2012-07-10,0.3125
2012-07-15,0.375
2012-07-20,0.25
2012-07-25,0.375
2012-07-30,0.375
2012-08-04,0.3125
2012-08-09,0.3125
2012-08-14,0.375
2012-08-19,0.3125
2012-08-24,0.375
2012-08-29,0.375
2012-09-03,0.25
2012-09-08,0.25
2012-09-13,0.1875
2012-09-18,0.125
2012-09-23,0.125
2012-09-28,0.0
2012-10-03,0.0625
2012-10-08,0.0
2012-10-13,0.0
2012-10-18,0.0
2012-10-23,0.0
2012-10-28,0.0
2012-11-02,0.0625
2012-11-07,0.125
2012-11-12,0.0625
2012-11-17,0.125
2012-11-22,0.125
2012-11-27,0.1875
2012-12-02,0.125
2012-12-07,0.125
2012-12-12,0.125
2012-12-17,0.125
2012-12-22,0.0
2012-12-27,0.0
2013-01-01,0.0625
2013-01-06,0.1875
2013-01-11,0.125
2013-01-16,0.125
2013-01-21,0.125
2013-01-26,0.1875
2013-01-31,0.125
2013-02-05,0.0
2013-02-10,0.125
2013-02-15,0.0625
2013-02-20,0.0
2013-02-25,0.0625
2013-03-02,0.0625
2013-03-07,0.125
2013-03-12,0.0625
2013-03-17,0.0625
2013-03-22,0.0625
2013-03-27,0.0
2013-04-01,0.0625
2013-04-06,0.0
2013-04-11,0.0
2013-04-16,0.0625
2013-04-21,0.0625
2013-04-26,0.0625
2013-05-01,0.125
2013-05-06,0.0
2013-05-11,0.0625
2013-05-16,0.0625
2013-05-21,0.125
2013-05-26,0.125
2013-05-31,0.0625
2013-06-05,0.125
2013-06-10,0.0625
2013-06-15,0.0625
2013-06-20,0.0625
2013-06-25,0.0625
2013-06-30,0.0625
2013-07-05,0.0625
2013-07-10,0.0625
2013-07-15,0.0625
2013-07-20,0.0625
2013-07-25,0.0625
2013-07-30,0.0625
2013-08-04,0.0625
2013-08-09,0.0625
2013-08-14,0.0625
2013-08-19,0.0625
2013-08-24,0.0
2013-08-29,0.0
2013-09-03,0.0
2013-09-08,0.0
2013-09-13,0.0
2013-09-18,0.0
2013-09-23,0.0
2013-09-28,0.0
2013-10-03,0.0
2013-10-08,0.0
2013-10-13,0.0
2013-10-18,0.0
2013-10-23,0.0
2013-10-28,0.0625
2013-11-02,0.0625
2013-11-07,0.0
2013-11-12,0.0
2013-11-17,0.0
2013-11-22,0.125
2013-11-27,0.125
2013-12-02,0.0625
2013-12-07,0.0625
2013-12-12,0.0625
2013-12-17,0.0625
2013-12-22,0.0
2013-12-27,0.0
2014-01-01,0.0
2014-01-06,0.0625
2014-01-11,0.0
2014-01-16,0.0
2014-01-21,0.0
2014-01-26,0.0
2014-01-31,0.0
2014-02-05,0.0625
2014-02-10,0.125
2014-02-15,0.1875
2014-02-20,0.1875
2014-02-25,0.1875
2014-03-02,0.125
2014-03-07,0.125
2014-03-12,0.0
2014-03-17,0.0625
2014-03-22,0.0
2014-03-27,0.0
2014-04-01,0.0
2014-04-06,0.0625
2014-04-11,0.0
2014-04-16,0.0625
2014-04-21,0.0
2014-04-26,0.0625
2014-05-01,0.0625
2014-05-06,0.125
2014-05-11,0.125
2014-05-16,0.0625
2014-05-21,0.0625
2014-05-26,0.0625
2014-05-31,0.0625
2014-06-05,0.0625
2014-06-10,0.0625
2014-06-15,0.0625
2014-06-20,0.0625
2014-06-25,0.0625
2014-06-30,0.0625
2014-07-05,0.0
2014-07-10,0.0
2014-07-15,0.0625
2014-07-20,0.125
2014-07-25,0.125
2014-07-30,0.0
2014-08-04,0.0
2014-08-09,0.0625
2014-08-14,0.0
2014-08-19,0.0
2014-08-24,0.0
2014-08-29,0.0
2014-09-03,0.125
2014-09-08,0.125
2014-09-13,0.0625
2014-09-18,0.0625
2014-09-23,0.0625
2014-09-28,0.0
2014-10-03,0.125
2014-10-08,0.0625
2014-10-13,0.125
2014-10-18,0.125
2014-10-23,0.0625
2014-10-28,0.0
2014-11-02,0.0625
2014-11-07,0.0625
2014-11-12,0.0625
2014-11-17,0.0
2014-11-22,0.0
2014-11-27,0.0625
2014-12-02,0.0625
2014-12-07,0.0625
2014-12-12,0.0625
2014-12-17,0.0625
2014-12-22,0.0625
2014-12-27,0.0625
2015-01-01,0.0625
2015-01-06,0.0625
2015-01-11,0.0625
2015-01-16,0.0625
2015-01-21,0.0625
2015-01-26,0.0625
2015-01-31,0.1875
2015-02-05,0.25
2015-02-10,0.125
2015-02-15,0.125
2015-02-20,0.125
2015-02-25,0.125
2015-03-02,0.0625
2015-03-07,0.0625
2015-03-12,0.125
2015-03-17,0.125
2015-03-22,0.125
2015-03-27,0.0625
2015-04-01,0.125
2015-04-06,0.125
2015-04-11,0.125
2015-04-16,0.1875
2015-04-21,0.0625
2015-04-26,0.1875
2015-05-01,0.1875
2015-05-06,0.0625
2015-05-11,0.0625
2015-05-16,0.0625
2015-05-21,0.0625
2015-05-26,0.0
2015-05-31,0.0
2015-06-05,0.0625
2015-06-10,0.0625
2015-06-15,0.0625
2015-06-20,0.0
2015-06-25,0.0
2015-06-30,0.0625
2015-07-05,0.0625
2015-07-10,0.0625
2015-07-15,0.0625
2015-07-20,0.0625
2015-07-25,0.125
2015-07-30,0.125
2015-08-04,0.0625
2015-08-09,0.0625
2015-08-14,0.125
2015-08-19,0.125
2015-08-24,0.1875
2015-08-29,0.125
2015-09-03,0.125
2015-09-08,0.125
2015-09-13,0.125
2015-09-18,0.125
2015-09-23,0.1875
2015-09-28,0.1875
2015-10-03,0.125
2015-10-08,0.1875
2015-10-13,0.125
2015-10-18,0.1875
2015-10-23,0.125
2015-10-28,0.0625
2015-11-02,0.0625
2015-11-07,0.0625
2015-11-12,0.0625
2015-11-17,0.0625
2015-11-22,0.125
2015-11-27,0.0625
2015-12-02,0.0
2015-12-07,0.0625
2015-12-12,0.0
2015-12-17,0.0625
2015-12-22,0.125
2015-12-27,0.125
2016-01-01,0.125
2016-01-06,0.125
2016-01-11,0.125
2016-01-16,0.0625
2016-01-21,0.0625
2016-01-26,0.125
2016-01-31,0.125
2016-02-05,0.125
2016-02-10,0.3125
2016-02-15,0.3125
2016-02-20,0.25
2016-02-25,0.25
2016-03-01,0.25
2016-03-06,0.25
2016-03-11,0.1875
2016-03-16,0.25
2016-03-21,0.0625
2016-03-26,0.0625
2016-03-31,0.0625
2016-04-05,0.1875
2016-04-10,0.25
2016-04-15,0.0625
2016-04-20,0.0625
2016-04-25,0.0625
2016-04-30,0.0625
2016-05-05,0.0625
2016-05-10,0.0
2016-05-15,0.0
2016-05-20,0.0
2016-05-25,0.0
2016-05-30,0.0
2016-06-04,0.0
2016-06-09,0.0
2016-06-14,0.0
2016-06-19,0.0
2016-06-24,0.0
2016-06-29,0.3125
2016-07-04,0.375
2016-07-09,0.375
2016-07-14,0.375
2016-07-19,0.3125
2016-07-24,0.3125
2016-07-29,0.3125
2016-08-03,0.375
2016-08-08,0.375
2016-08-13,0.375
2016-08-18,0.375
2016-08-23,0.3125
2016-08-28,0.0625
2016-09-02,0.0
2016-09-07,0.0
2016-09-12,0.0625
2016-09-17,0.125
2016-09-22,0.125
2016-09-27,0.125
2016-10-02,0.125
2016-10-07,0.125
2016-10-12,0.0625
2016-10-17,0.0625
2016-10-22,0.0625
2016-10-27,0.0625
2016-11-01,0.125
2016-11-06,0.125
2016-11-11,0.0625
2016-11-16,0.0625
2016-11-21,0.0625
2016-11-26,0.0
2016-12-01,0.0
2016-12-06,0.0
2016-12-11,0.0625
2016-12-16,0.125
2016-12-21,0.0625
2016-12-26,0.125
2016-12-31,0.0625
2017-01-05,0.125
2017-01-10,0.125
2017-01-15,0.0
2017-01-20,0.0625
2017-01-25,0.0625
2017-01-30,0.125
2017-02-04,0.0
2017-02-09,0.0
2017-02-14,0.0
2017-02-19,0.0
2017-02-24,0.0
2017-03-01,0.0
2017-03-06,0.0
2017-03-11,0.0
2017-03-16,0.0
2017-03-21,0.0
2017-03-26,0.0
2017-03-31,0.0
2017-04-05,0.0
2017-04-10,0.0
2017-04-15,0.0
2017-04-20,0.0
2017-04-25,0.0
2017-04-30,0.0
2017-05-05,0.0
2017-05-10,0.0
2017-05-15,0.0
2017-05-20,0.0625
2017-05-25,0.0625
2017-05-30,0.0625
2017-06-04,0.0625
2017-06-09,0.0625
2017-06-14,0.0625
2017-06-19,0.0625
2017-06-24,0.125
2017-06-29,0.0625
2017-07-04,0.0625
2017-07-09,0.0625
2017-07-14,0.0625
2017-07-19,0.0625
2017-07-24,0.0
2017-07-29,0.0
2017-08-03,0.0
2017-08-08,0.0
2017-08-13,0.0
2017-08-18,0.0
2017-08-23,0.0
2017-08-28,0.0
2017-09-02,0.0
2017-09-07,0.0625
2017-09-12,0.0
2017-09-17,0.0
2017-09-22,0.0
2017-09-27,0.0625
2017-10-02,0.0625
2017-10-07,0.125
2017-10-12,0.1875
2017-10-17,0.1875
2017-10-22,0.0625
2017-10-27,0.0
2017-11-01,0.0
2017-11-06,0.0
2017-11-11,0.0
2017-11-16,0.0
2017-11-21,0.0
2017-11-26,0.0
2017-12-01,0.0
2017-12-06,0.0
2017-12-11,0.0
2017-12-16,0.0
2017-12-21,0.0
2017-12-26,0.0
2017-12-31,0.0
2018-01-05,0.0
2018-01-10,0.0625
2018-01-15,0.0625
2018-01-20,0.0625
2018-01-25,0.0625
2018-01-30,0.0625
2018-02-04,0.0625
2018-02-09,0.25
2018-02-14,0.1875
2018-02-19,0.1875
2018-02-24,0.25
2018-03-01,0.25
2018-03-06,0.1875
2018-03-11,0.1875
2018-03-16,0.25
2018-03-21,0.25
2018-03-26,0.125
2018-03-31,0.0625
2018-04-05,0.0
2018-04-10,0.0
2018-04-15,0.0
2018-04-20,0.0625
2018-04-25,0.0
2018-04-30,0.0
2018-05-05,0.0
2018-05-10,0.0
2018-05-15,0.125
2018-05-20,0.1875
2018-05-25,0.0625
2018-05-30,0.125
2018-06-04,0.0625
2018-06-09,0.0
2018-06-14,0.0625
2018-06-19,0.0
2018-06-24,0.0
2018-06-29,0.0
2018-07-04,0.0
2018-07-09,0.0
2018-07-14,0.0
2018-07-19,0.0
2018-07-24,0.0
2018-07-29,0.0
2018-08-03,0.0
2018-08-08,0.0
2018-08-13,0.0
2018-08-18,0.0
2018-08-23,0.0
2018-08-28,0.0
2018-09-02,0.0
2018-09-07,0.0
2018-09-12,0.0
2018-09-17,0.0
2018-09-22,0.0
2018-09-27,0.0
2018-10-02,0.0
2018-10-07,0.0
2018-10-12,0.0625
2018-10-17,0.0
2018-10-22,0.0
2018-10-27,0.0625
2018-11-01,0.0625
2018-11-06,0.0
2018-11-11,0.0
2018-11-16,0.0
2018-11-21,0.0625
2018-11-26,0.0
2018-12-01,0.0
2018-12-06,0.0625
2018-12-11,0.0625
2018-12-16,0.0625
2018-12-21,0.0
2018-12-26,0.0
2018-12-31,0.0
2019-01-05,0.125
2019-01-10,0.0625
2019-01-15,0.0
2019-01-20,0.0
2019-01-25,0.0625
2019-01-30,0.0
2019-02-04,0.0
2019-02-09,0.0
2019-02-14,0.0
2019-02-19,0.0
2019-02-24,0.0
2019-03-01,0.0
2019-03-06,0.0
2019-03-11,0.0
2019-03-16,0.0
2019-03-21,0.0
2019-03-26,0.0625
2019-03-31,0.0625
2019-04-05,0.125
2019-04-10,0.0625
2019-04-15,0.125
2019-04-20,0.125
2019-04-25,0.125
2019-04-30,0.0
2019-05-05,0.0625
2019-05-10,0.125
2019-05-15,0.0625
2019-05-23,0.0625
2019-05-28,0.1875
2019-06-02,0.25
2019-06-07,0.125
2019-06-12,0.125
2019-06-17,0.125
2019-06-22,0.0625
2019-06-27,0.1875
2019-07-02,0.1875
2019-07-07,0.1875
2019-07-12,0.1875
2019-07-17,0.1875
2019-07-22,0.0
2019-07-27,0.125
2019-08-01,0.0625
2019-08-06,0.125
2019-08-11,0.125
2019-08-16,0.1875
2019-08-21,0.1875
2019-08-26,0.3125
2019-09-04,0.375
2019-09-09,0.375
2019-09-14,0.5
2019-09-19,0.5
2019-09-24,0.25
2019-09-29,0.1875
2019-10-04,0.125
2019-10-09,0.125
2019-10-14,0.3125
2019-10-19,0.25
2019-10-24,0.1875
2019-10-29,0.125
2019-11-03,0.125
2019-11-08,0.125
2019-11-13,0.125
2019-11-18,0.125
2019-11-23,0.125
2019-11-28,0.125
2019-12-03,0.125
2019-12-08,0.125
2019-12-13,0.1875
2019-12-18,0.0625
2019-12-23,0.0625
2019-12-28,0.0
2020-01-02,0.0
2020-01-07,0.0
2020-01-12,0.0
2020-01-17,0.0625
2020-01-22,0.0625
2020-01-27,0.0
2020-02-01,0.0
2020-02-06,0.0625
2020-02-11,0.0625
2020-02-16,0.0625
2020-02-21,0.0625
2020-02-26,0.25
2020-03-02,0.3125
2020-03-07,0.5
2020-03-12,0.625
2020-03-17,0.625
2020-03-22,0.5625
2020-03-27,0.375
2020-04-01,0.3125
2020-04-06,0.375
2020-04-11,0.375
2020-04-16,0.3125
2020-04-21,0.3125
2020-04-26,0.3125
2020-05-01,0.3125
2020-05-06,0.25
2020-05-11,0.25
2020-05-16,0.3125
2020-05-21,0.125
2020-05-26,0.125
2020-05-31,0.125
2020-06-05,0.125
2020-06-10,0.125
2020-06-15,0.3125
2020-06-20,0.3125
2020-06-25,0.1875
2020-06-30,0.25
2020-07-05,0.25
2020-07-10,0.375
2020-07-15,0.375
2020-07-20,0.375
2020-07-25,0.3125
2020-07-30,0.3125
2020-08-04,0.375
2020-08-09,0.3125
2020-08-14,0.125
2020-08-19,0.125
2020-08-24,0.125
2020-08-29,0.0625
2020-09-03,0.0625
2020-09-08,0.125
2020-09-13,0.0625
2020-09-18,0.0625
2020-09-23,0.0625
2020-09-28,0.0625
2020-10-03,0.0625
2020-10-08,0.0625
2020-10-13,0.0625
2020-10-18,0.0625
2020-10-23,0.0625
2020-10-28,0.0625
2020-11-02,0.0625
2020-11-07,0.125
2020-11-12,0.0625
2020-11-17,0.0625
2020-11-22,0.0625
2020-11-27,0.0625
2020-12-02,0.0625
2020-12-07,0.0625
2020-12-12,0.0625
2020-12-17,0.125
2020-12-22,0.0625
2020-12-27,0.0625
2021-01-01,0.0625
2021-01-06,0.0625
2021-01-11,0.0625
2021-01-16,0.0
2021-01-21,0.0
2021-01-26,0.0
2021-01-31,0.0
2021-02-05,0.0625
2021-02-10,0.0
2021-02-15,0.0
2021-02-20,0.0625
2021-02-25,0.0625
2021-03-02,0.125
2021-03-07,0.125
2021-03-12,0.125
2021-03-17,0.125
2021-03-22,0.0625
2021-03-27,0.125
2021-04-01,0.125
2021-04-06,0.125
2021-04-11,0.125
2021-04-16,0.125
2021-04-21,0.125
2021-04-26,0.125
2021-05-01,0.0625
2021-05-06,0.0625
2021-05-11,0.0
2021-05-16,0.125
2021-05-21,0.0625
2021-05-26,0.0
2021-05-31,0.0625
2021-06-05,0.0625
2021-06-10,0.0625
2021-06-15,0.0625
2021-06-20,0.125
2021-06-25,0.125
2021-06-30,0.125
2021-07-05,0.125
2021-07-10,0.0625
2021-07-15,0.0
2021-07-20,0.0
2021-07-25,0.0
2021-07-30,0.0625
2021-08-04,0.0625
2021-08-09,0.0
2021-08-14,0.0
2021-08-19,0.0
2021-08-24,0.0
2021-08-29,0.0
2021-09-03,0.0
2021-09-08,0.0
2021-09-13,0.0
2021-09-18,0.0
2021-09-23,0.0
2021-09-28,0.0
2021-10-03,0.0625
2021-10-08,0.0625
2021-10-13,0.0625
2021-10-18,0.0625
2021-10-23,0.0
2021-10-28,0.0
2021-11-02,0.0
2021-11-07,0.0
2021-11-12,0.0
2021-11-17,0.0
2021-11-22,0.0
2021-11-27,0.125
2021-12-02,0.125
2021-12-07,0.125
2021-12-12,0.125
2021-12-17,0.125
2021-12-22,0.125
2021-12-27,0.1875
2022-01-01,0.125
2022-01-06,0.125
2022-01-11,0.125
2022-01-16,0.125
2022-01-21,0.125
2022-01-26,0.125
2022-01-31,0.0625
2022-02-05,0.0625
2022-02-10,0.0625
2022-02-15,0.0625
2022-02-20,0.0625
2022-02-25,0.0625
2022-03-02,0.0625
2022-03-07,0.0625
2022-03-12,0.0625
2022-03-17,0.0625
2022-03-22,0.1875
2022-03-27,0.125
2022-04-01,0.1875
2022-04-06,0.125
2022-04-11,0.125
2022-04-16,0.125
2022-04-21,0.125
2022-04-26,0.125
2022-05-01,0.125
2022-05-06,0.125
2022-05-11,0.125
2022-05-16,0.125
2022-05-21,0.125
2022-05-26,0.25
2022-05-31,0.25
2022-06-05,0.25
2022-06-10,0.125
2022-06-15,0.125
2022-06-20,0.125
2022-06-25,0.125
2022-06-30,0.1875
2022-07-05,0.1875
2022-07-10,0.1875
2022-07-15,0.1875
2022-07-20,0.0625
2022-07-25,0.0625
2022-07-30,0.0625
2022-08-04,0.125
2022-08-09,0.0625
2022-08-14,0.125
2022-08-19,0.1875
2022-08-24,0.125
2022-08-29,0.125
2022-09-03,0.125
2022-09-08,0.125
2022-09-13,0.125
2022-09-18,0.1875
2022-09-23,0.125
2022-09-28,0.0625
2022-10-03,0.0625
2022-10-08,0.125
2022-10-13,0.125
2022-10-18,0.125
2022-10-23,0.1875
2022-10-28,0.125
2022-11-02,0.125
2022-11-07,0.1875
2022-11-12,0.25
2022-11-17,0.1875
2022-11-22,0.125
2022-11-27,0.125
2022-12-02,0.1875
2022-12-07,0.125
2022-12-12,0.125
2022-12-17,0.125
2022-12-22,0.125
2022-12-27,0.125
2023-01-01,0.25
2023-01-06,0.3125
2023-01-11,0.25
2023-01-16,0.0625
2023-01-21,0.0625
2023-01-26,0.0625
2023-01-31,0.0625
2023-02-05,0.0625
2023-02-10,0.125
2023-02-15,0.125
2023-02-20,0.125
2023-02-25,0.0625
2023-03-02,0.0625
2023-03-07,0.0625
2023-03-12,0.0625
2023-03-17,0.125
2023-03-22,0.125
2023-03-27,0.125
2023-04-01,0.125
2023-04-06,0.125
2023-04-11,0.125
2023-04-16,0.0625
2023-04-21,0.0625
2023-04-26,0.125
2023-05-01,0.125
2023-05-06,0.0625
2023-05-11,0.0625
2023-05-16,0.0625
2023-05-21,0.0625
2023-05-26,0.0625
2023-05-31,0.0
2023-06-05,0.0625
2023-06-10,0.0
2023-06-15,0.0625
2023-06-20,0.0
2023-06-25,0.0625
2023-06-30,0.0
2023-07-05,0.0
2023-07-10,0.0
2023-07-15,0.0
2023-07-20,0.0
2023-07-25,0.0625
2023-07-30,0.0625
2023-08-04,0.0625
2023-08-09,0.0625
2023-08-14,0.0
2023-08-19,0.0
2023-08-24,0.0
2023-08-29,0.0
2023-09-03,0.0
2023-09-08,0.0
2023-09-13,0.0
2023-09-18,0.0
2023-09-23,0.0
2023-09-28,0.0
2023-10-03,0.0625
2023-10-08,0.0625
2023-10-13,0.0625
2023-10-18,0.0
2023-10-23,0.0625
2023-10-28,0.0625
2023-11-02,0.0625
2023-11-07,0.125
2023-11-12,0.125
2023-11-17,0.0625
2023-11-22,0.0625
2023-11-27,0.0625
2023-12-02,0.0625
2023-12-07,0.125
2023-12-12,0.125
2023-12-17,0.125
2023-12-22,0.1875
2023-12-27,0.1875
2024-01-01,0.125
2024-01-06,0.0625
2024-01-11,0.0625
2024-01-16,0.125
2024-01-21,0.125
2024-01-26,0.125
2024-01-31,0.125
2024-02-05,0.125
2024-02-10,0.125
2024-02-15,0.0625
2024-02-20,0.0625
2024-02-25,0.0625
2024-03-01,0.0625
2024-03-06,0.0625
2024-03-11,0.125
2024-03-16,0.0625
2024-03-21,0.0625
2024-03-26,0.0
2024-03-31,0.0
2024-04-05,0.0
2024-04-10,0.0
2024-04-15,0.0625
2024-04-20,0.0625
2024-04-25,0.0
2024-04-30,0.0
2024-05-05,0.0625
2024-05-10,0.0
2024-05-15,0.0625
2024-05-20,0.0625
2024-05-25,0.0625
2024-05-30,0.0625
2024-06-04,0.0625
2024-06-09,0.0
2024-06-14,0.0
2024-06-19,0.0
2024-06-24,0.0
2024-06-29,0.0
2024-07-04,0.0
2024-07-09,0.0
2024-07-14,0.0
2024-07-19,0.0
2024-07-24,0.0
2024-07-29,0.0625
2024-08-03,0.125
2024-08-08,0.1875
2024-08-13,0.125
2024-08-18,0.125
2024-08-23,0.125
2024-08-28,0.125
2024-09-06,0.1875
2024-09-11,0.1875
2024-09-16,0.1875
2024-09-21,0.1875
2024-09-26,0.1875
2024-10-01,0.1875
2024-10-06,0.1875
2024-10-11,0.125
2024-10-16,0.125
2024-10-21,0.125
2024-10-26,0.125
2024-10-31,0.125
2024-11-05,0.125
2024-11-10,0.0625
2024-11-15,0.0625
2024-11-20,0.0625
2024-11-25,0.0625
2024-11-30,0.0625
2024-12-05,0.125
2024-12-10,0.0625
2024-12-15,0.125
2024-12-20,0.1875
2024-12-25,0.125
2024-12-30,0.125
2025-01-04,0.125
2025-01-09,0.1875
2025-01-14,0.25
2025-01-19,0.125
2025-01-24,0.1875
2025-01-29,0.1875
2025-02-03,0.1875
2025-02-08,0.1875
2025-02-13,0.1875
2025-02-18,0.25
2025-02-23,0.0625
2025-02-28,0.125
2025-03-05,0.125
2025-03-10,0.125
2025-03-15,0.125
2025-03-20,0.1875
2025-03-25,0.25
2025-03-30,0.1875
2025-04-04,0.25
2025-04-09,0.25
2025-04-14,0.3125
2025-04-22,0.3125
2025-04-27,0.25
2025-05-02,0.3125
2025-05-09,0.3125
2025-05-14,0.3125
2025-05-19,0.25
2025-05-24,0.25
2025-05-29,0.25
2025-06-03,0.25
2025-06-08,0.3125
2025-06-13,0.3125
2025-06-18,0.125
2025-06-23,0.125
2025-06-28,0.1875
2025-07-03,0.1875
2025-07-08,0.1875
2025-07-13,0.125
2025-07-18,0.125
2025-07-23,0.125
2025-07-28,0.125
2025-08-02,0.1875
2025-08-07,0.125
2025-08-12,0.125
2025-08-17,0.125
2025-08-22,0.125
2025-08-27,0.0625
2025-09-04,0.0625
2025-09-09,0.0625
2025-09-14,0.125
2025-09-19,0.1875
2025-09-24,0.125
2025-09-29,0.125
2025-10-04,0.0625
2025-10-09,0.0625
2025-10-14,0.125
2025-10-19,0.0625
2025-10-24,0.125
2025-10-29,0.125
2025-11-03,0.0625
2025-11-08,0.0625
2025-11-13,0.125
2025-11-18,0.0625
2025-11-23,0.0625
2025-11-28,0.125
2025-12-03,0.1875
