magnitude,pca,granger,dmd,influence,mutual_info,clustering,decomposition,wavelet,network,regime,anomaly,transfer_entropy,tda,avg_rank,std_rank,agreement,window_start,window_end,indicator
3.0,12.0,,10.0,5.0,4.0,1.0,5.0,5.0,1.0,2.0,18.0,4.0,5.0,5.769230769230769,4.66004037872645,0.17667718480570405,1970,1975,ppiaco
5.0,8.0,12.0,8.0,1.0,5.0,4.0,3.0,1.0,5.5,6.0,18.0,7.0,1.0,6.035714285714286,4.465999670983473,0.18294915115135277,1970,1975,payems
8.0,3.0,,2.0,8.0,10.0,5.0,12.0,8.0,2.0,4.0,1.0,9.0,10.0,6.3076923076923075,3.494712828184784,0.2224836242550018,1970,1975,nfci
1.0,10.0,12.0,12.0,4.0,2.0,6.0,4.0,4.0,5.5,5.0,18.0,11.0,4.0,7.035714285714286,4.63089117354581,0.17759178239814805,1970,1975,m2sl
6.0,2.0,,1.0,6.0,12.0,8.0,14.0,6.0,8.0,7.0,2.0,12.0,9.0,7.153846153846154,3.859975166244424,0.20576236828237873,1970,1975,anfci
9.0,5.0,12.0,5.0,3.0,7.0,10.0,6.0,3.0,9.0,9.0,18.0,3.0,2.0,7.214285714285714,4.211863710801591,0.19186994432097282,1970,1975,permit
2.0,9.0,12.0,9.0,11.0,1.0,3.0,9.0,10.0,3.5,3.0,18.0,6.0,7.0,7.392857142857143,4.528396796993436,0.180884266582283,1970,1975,cpilfesl
7.0,11.0,12.0,11.0,9.0,3.0,2.0,7.0,9.0,3.5,1.0,18.0,5.0,6.0,7.464285714285714,4.449977069420397,0.1834870105437617,1970,1975,cpiaucsl
11.0,6.0,12.0,6.0,2.0,6.0,11.0,8.0,2.0,11.0,10.0,18.0,1.0,3.0,7.642857142857143,4.653833179789121,0.17687115417107133,1970,1975,houst
12.0,4.0,12.0,7.0,7.0,8.0,7.0,1.0,7.0,7.0,8.0,18.0,8.0,8.0,8.142857142857142,3.7958086444532637,0.20851540879484007,1970,1975,indpro
10.0,1.0,12.0,3.0,10.0,11.0,9.0,10.0,11.0,10.0,11.0,18.0,2.0,12.0,9.285714285714286,4.333071682315172,0.18750919911991207,1970,1975,dgs10
4.0,7.0,12.0,4.0,12.0,9.0,12.0,11.0,12.0,22.0,12.0,3.0,10.0,11.0,10.071428571428571,4.605342948518534,0.17840121633669093,1970,1975,unrate
14.0,15.0,,14.0,22.5,14.5,22.5,13.0,22.5,22.0,14.0,18.0,13.0,22.5,17.5,4.047791420591652,0.19810644233845737,1970,1975,t10y2y
13.0,14.0,,13.0,22.5,14.5,22.5,15.0,22.5,22.0,13.0,18.0,23.0,22.5,18.115384615384617,4.2433379737847075,0.1907182037472567,1970,1975,dgs3mo
23.5,13.0,,23.5,22.5,14.5,22.5,2.0,22.5,22.0,23.5,18.0,23.0,22.5,19.46153846153846,6.065227303945065,0.1415382629574596,1970,1975,dgs2
23.5,16.0,12.0,23.5,22.5,14.5,22.5,16.0,22.5,22.0,23.5,18.0,23.0,22.5,20.142857142857142,3.8239310898069068,0.20729981033788528,1970,1975,t10y3m
23.5,24.5,12.0,23.5,22.5,17.0,22.5,24.5,22.5,22.0,23.5,18.0,23.0,22.5,21.535714285714285,3.372495291293365,0.22870236178212197,1970,1975,walcl
23.5,24.5,12.0,23.5,22.5,25.0,22.5,24.5,22.5,22.0,23.5,18.0,23.0,22.5,22.107142857142858,3.230317163931715,0.23638889502804705,1970,1975,spy_spy
23.5,24.5,12.0,23.5,22.5,25.0,22.5,24.5,22.5,22.0,23.5,18.0,23.0,22.5,22.107142857142858,3.230317163931715,0.23638889502804705,1970,1975,qqq_qqq
23.5,24.5,12.0,23.5,22.5,25.0,22.5,24.5,22.5,22.0,23.5,18.0,23.0,22.5,22.107142857142858,3.230317163931715,0.23638889502804705,1970,1975,gld_gld
23.5,24.5,12.0,23.5,22.5,25.0,22.5,24.5,22.5,22.0,23.5,18.0,23.0,22.5,22.107142857142858,3.230317163931715,0.23638889502804705,1970,1975,bnd_bnd
23.5,24.5,12.0,23.5,22.5,25.0,22.5,24.5,22.5,22.0,23.5,18.0,23.0,22.5,22.107142857142858,3.230317163931715,0.23638889502804705,1970,1975,uso_uso
23.5,24.5,12.0,23.5,22.5,25.0,22.5,24.5,22.5,22.0,23.5,18.0,23.0,22.5,22.107142857142858,3.230317163931715,0.23638889502804705,1970,1975,ief_ief
23.5,24.5,12.0,23.5,22.5,25.0,22.5,24.5,22.5,22.0,23.5,18.0,23.0,22.5,22.107142857142858,3.230317163931715,0.23638889502804705,1970,1975,tlt_tlt
23.5,24.5,12.0,23.5,22.5,25.0,22.5,24.5,22.5,22.0,23.5,18.0,23.0,22.5,22.107142857142858,3.230317163931715,0.23638889502804705,1970,1975,xlu_xlu
23.5,24.5,12.0,23.5,22.5,25.0,22.5,24.5,22.5,22.0,23.5,18.0,23.0,22.5,22.107142857142858,3.230317163931715,0.23638889502804705,1970,1975,hyg_hyg
23.5,24.5,12.0,23.5,22.5,25.0,22.5,24.5,22.5,22.0,23.5,18.0,23.0,22.5,22.107142857142858,3.230317163931715,0.23638889502804705,1970,1975,tip_tip
23.5,24.5,12.0,23.5,22.5,25.0,22.5,24.5,22.5,22.0,23.5,18.0,23.0,22.5,22.107142857142858,3.230317163931715,0.23638889502804705,1970,1975,lqd_lqd
23.5,24.5,12.0,23.5,22.5,25.0,22.5,24.5,22.5,22.0,23.5,18.0,23.0,22.5,22.107142857142858,3.230317163931715,0.23638889502804705,1970,1975,XLU_Close
23.5,24.5,,23.5,22.5,25.0,22.5,24.5,22.5,22.0,23.5,18.0,23.0,22.5,22.884615384615383,1.6658775252082858,0.3751110058673343,1970,1975,iwm_iwm
23.5,24.5,,23.5,22.5,25.0,22.5,24.5,22.5,22.0,23.5,18.0,23.0,22.5,22.884615384615383,1.6658775252082858,0.3751110058673343,1970,1975,slv_slv
23.5,24.5,,23.5,22.5,25.0,22.5,24.5,22.5,22.0,23.5,18.0,23.0,22.5,22.884615384615383,1.6658775252082858,0.3751110058673343,1970,1975,shy_shy
11.0,14.0,11.5,13.0,1.0,5.0,1.0,2.0,1.0,3.0,5.0,18.5,8.0,1.0,6.785714285714286,5.649634266652911,0.1503842106046156,1975,1980,payems
9.0,13.0,11.5,9.0,5.0,4.0,4.0,11.0,5.0,1.0,3.0,18.5,4.0,5.0,7.357142857142857,4.642307659791977,0.17723244819245967,1975,1980,ppiaco
1.0,5.0,11.5,6.0,3.0,9.0,12.0,6.0,3.0,12.0,13.0,18.5,1.0,2.0,7.357142857142857,5.180418389848213,0.16180134368290872,1975,1980,permit
13.0,2.0,,3.0,2.0,7.0,14.0,9.0,2.0,11.0,12.0,18.5,2.0,3.0,7.576923076923077,5.476685388100789,0.15439996542633333,1975,1980,houst
14.0,10.0,11.5,14.0,4.0,1.0,5.0,5.0,4.0,6.0,4.0,18.5,7.0,4.0,7.714285714285714,4.87967462950102,0.1700774384661597,1975,1980,m2sl
12.0,12.0,11.5,10.0,6.0,3.0,3.0,10.0,6.0,3.0,2.0,18.5,5.0,6.0,7.714285714285714,4.57756284857489,0.1792897771211144,1975,1980,cpiaucsl
10.0,11.0,11.5,12.0,7.0,2.0,2.0,8.0,10.0,3.0,1.0,18.5,6.0,7.0,7.785714285714286,4.681705602335411,0.17600348733115626,1975,1980,cpilfesl
8.0,7.0,11.5,2.0,9.0,10.0,9.0,7.0,7.0,9.0,8.0,2.0,13.0,9.0,7.964285714285714,2.9305307034872765,0.2544185697653429,1975,1980,dgs2
6.0,9.0,11.5,11.0,8.0,6.0,6.0,3.0,8.0,6.0,6.0,18.5,9.0,8.0,8.285714285714286,3.559265000943141,0.21933359868161592,1975,1980,indpro
2.0,8.0,,8.0,13.0,8.0,7.0,1.0,14.0,6.0,7.0,18.5,3.0,13.0,8.346153846153847,4.888702106287892,0.16981670696709397,1975,1980,unrate
3.5,1.0,11.5,1.0,11.0,13.0,10.0,12.0,12.0,10.0,11.0,1.0,14.0,10.0,8.642857142857142,4.603680869806292,0.17845413099596588,1975,1980,dgs10
3.5,6.0,11.5,7.0,14.0,11.0,8.0,4.0,13.0,8.0,10.0,4.0,12.0,14.0,9.0,3.600595188893874,0.21736317996724921,1975,1980,t10y2y
5.0,4.0,11.5,5.0,10.0,14.0,13.0,14.0,9.0,14.0,14.0,3.0,10.0,12.0,9.892857142857142,3.9196326879139156,0.20326720782563798,1975,1980,anfci
7.0,3.0,11.5,4.0,12.0,12.0,11.0,13.0,11.0,13.0,9.0,18.5,11.0,11.0,10.5,3.7416573867739413,0.21089672205953397,1975,1980,nfci
15.0,15.0,11.5,15.0,23.5,32.0,23.5,15.0,23.5,23.5,23.5,18.5,15.0,23.5,19.857142857142858,5.455758986836659,0.15490045431358382,1975,1980,dgs3mo
24.0,24.5,11.5,24.0,23.5,15.0,23.5,24.5,23.5,23.5,23.5,18.5,24.0,23.5,21.928571428571427,3.86771039162311,0.2054353935519479,1975,1980,walcl
24.0,24.5,11.5,24.0,23.5,23.0,23.5,24.5,23.5,23.5,23.5,18.5,24.0,23.5,22.5,3.359421718944242,0.22938822267513465,1975,1980,xlu_xlu
24.0,24.5,11.5,24.0,23.5,23.0,23.5,24.5,23.5,23.5,23.5,18.5,24.0,23.5,22.5,3.359421718944242,0.22938822267513465,1975,1980,qqq_qqq
24.0,24.5,11.5,24.0,23.5,23.0,23.5,24.5,23.5,23.5,23.5,18.5,24.0,23.5,22.5,3.359421718944242,0.22938822267513465,1975,1980,iwm_iwm
24.0,24.5,11.5,24.0,23.5,23.0,23.5,24.5,23.5,23.5,23.5,18.5,24.0,23.5,22.5,3.359421718944242,0.22938822267513465,1975,1980,bnd_bnd
24.0,24.5,11.5,24.0,23.5,23.0,23.5,24.5,23.5,23.5,23.5,18.5,24.0,23.5,22.5,3.359421718944242,0.22938822267513465,1975,1980,uso_uso
24.0,24.5,11.5,24.0,23.5,23.0,23.5,24.5,23.5,23.5,23.5,18.5,24.0,23.5,22.5,3.359421718944242,0.22938822267513465,1975,1980,tip_tip
24.0,24.5,11.5,24.0,23.5,23.0,23.5,24.5,23.5,23.5,23.5,18.5,24.0,23.5,22.5,3.359421718944242,0.22938822267513465,1975,1980,ief_ief
24.0,24.5,11.5,24.0,23.5,23.0,23.5,24.5,23.5,23.5,23.5,18.5,24.0,23.5,22.5,3.359421718944242,0.22938822267513465,1975,1980,tlt_tlt
24.0,16.0,,24.0,23.5,31.0,23.5,16.0,23.5,23.5,23.5,18.5,24.0,23.5,22.653846153846153,3.7743293616452593,0.2094535010578731,1975,1980,t10y3m
24.0,24.5,,24.0,23.5,23.0,23.5,24.5,23.5,23.5,23.5,18.5,24.0,23.5,23.346153846153847,1.4595127662315597,0.4065845942048879,1975,1980,gld_gld
24.0,24.5,,24.0,23.5,23.0,23.5,24.5,23.5,23.5,23.5,18.5,24.0,23.5,23.346153846153847,1.4595127662315597,0.4065845942048879,1975,1980,spy_spy
24.0,24.5,,24.0,23.5,23.0,23.5,24.5,23.5,23.5,23.5,18.5,24.0,23.5,23.346153846153847,1.4595127662315597,0.4065845942048879,1975,1980,slv_slv
24.0,24.5,,24.0,23.5,23.0,23.5,24.5,23.5,23.5,23.5,18.5,24.0,23.5,23.346153846153847,1.4595127662315597,0.4065845942048879,1975,1980,shy_shy
24.0,24.5,,24.0,23.5,23.0,23.5,24.5,23.5,23.5,23.5,18.5,24.0,23.5,23.346153846153847,1.4595127662315597,0.4065845942048879,1975,1980,lqd_lqd
24.0,24.5,,24.0,23.5,23.0,23.5,24.5,23.5,23.5,23.5,18.5,24.0,23.5,23.346153846153847,1.4595127662315597,0.4065845942048879,1975,1980,hyg_hyg
24.0,24.5,,24.0,23.5,23.0,23.5,24.5,23.5,23.5,23.5,18.5,24.0,23.5,23.346153846153847,1.4595127662315597,0.4065845942048879,1975,1980,XLU_Close
7.0,11.0,12.5,5.0,3.0,7.0,3.0,2.0,3.0,4.0,6.0,19.0,6.0,3.0,6.535714285714286,4.560953400153015,0.17982527959548877,1980,1985,permit
16.0,9.0,12.5,4.0,2.0,8.0,7.0,3.0,2.0,8.0,8.0,5.0,9.0,2.0,6.821428571428571,4.016071031569567,0.1993592183416694,1980,1985,houst
12.0,4.0,12.5,1.0,1.0,5.0,12.0,15.0,1.0,12.0,11.0,2.0,15.0,1.0,7.464285714285714,5.530642838231523,0.15312428267334197,1980,1985,payems
15.0,16.0,12.5,13.0,4.0,1.0,1.0,5.0,4.0,3.0,1.0,19.0,13.0,4.0,7.964285714285714,6.171548444602994,0.13943990028437414,1980,1985,m2sl
4.0,1.0,12.5,7.0,5.0,13.0,11.0,8.0,5.0,9.0,14.0,19.0,1.0,9.0,8.464285714285714,4.951422182833237,0.16802706467111017,1980,1985,dgs2
11.0,10.0,12.5,12.0,6.0,11.0,5.0,1.0,6.0,5.0,9.0,19.0,8.0,8.0,8.821428571428571,4.19015488486806,0.192672477446773,1980,1985,dgs3mo
1.0,13.0,12.5,15.0,9.0,3.0,6.0,11.0,12.0,7.0,4.0,19.0,11.0,6.0,9.25,4.835693184170039,0.1713592487543057,1980,1985,cpiaucsl
9.5,12.0,12.5,16.0,8.0,2.0,4.0,10.0,14.0,6.0,3.0,19.0,10.0,5.0,9.357142857142858,4.867635724971663,0.17042639435576573,1980,1985,cpilfesl
9.5,14.0,12.5,10.0,15.0,10.0,2.0,6.0,11.0,1.0,2.0,19.0,5.0,15.0,9.428571428571429,5.344747564722981,0.15761068345099102,1980,1985,nfci
2.0,8.0,12.5,11.0,14.0,15.0,8.0,13.0,16.0,2.0,12.0,3.0,2.0,16.0,9.607142857142858,5.210492749623355,0.1610178194090391,1980,1985,t10y2y
13.5,6.0,12.5,14.0,10.0,4.0,10.0,14.0,8.0,11.0,7.0,4.0,14.0,7.0,9.642857142857142,3.5427419336106416,0.22013136881081521,1980,1985,ppiaco
8.0,5.0,12.5,9.0,13.0,12.0,9.0,7.0,10.0,10.0,5.0,19.0,4.0,13.0,9.75,3.867215683519235,0.20545627418691895,1980,1985,anfci
4.0,2.0,12.5,8.0,7.0,14.0,14.0,9.0,9.0,14.0,16.0,19.0,3.0,11.0,10.178571428571429,4.897547282850376,0.16956201485792657,1980,1985,dgs10
4.0,3.0,,2.0,16.0,9.0,15.0,4.0,15.0,13.0,13.0,19.0,7.0,14.0,10.307692307692308,5.510613750329943,0.15359535035376998,1980,1985,unrate
13.5,7.0,12.5,3.0,12.0,6.0,13.0,12.0,7.0,15.0,10.0,19.0,12.0,10.0,10.857142857142858,3.9480038872672796,0.2021017005611706,1980,1985,indpro
6.0,15.0,,6.0,11.0,16.0,16.0,16.0,13.0,24.0,15.0,1.0,16.0,12.0,12.846153846153847,5.62748958712981,0.15088669500770555,1980,1985,t10y3m
24.5,24.5,12.5,24.5,24.5,24.0,24.5,24.5,24.5,24.0,24.5,19.0,24.5,24.5,23.178571428571427,3.276578915233861,0.233831765956157,1980,1985,shy_shy
24.5,24.5,12.5,24.5,24.5,24.0,24.5,24.5,24.5,24.0,24.5,19.0,24.5,24.5,23.178571428571427,3.276578915233861,0.233831765956157,1980,1985,spy_spy
24.5,24.5,12.5,24.5,24.5,24.0,24.5,24.5,24.5,24.0,24.5,19.0,24.5,24.5,23.178571428571427,3.276578915233861,0.233831765956157,1980,1985,qqq_qqq
24.5,24.5,12.5,24.5,24.5,24.0,24.5,24.5,24.5,24.0,24.5,19.0,24.5,24.5,23.178571428571427,3.276578915233861,0.233831765956157,1980,1985,iwm_iwm
24.5,24.5,12.5,24.5,24.5,24.0,24.5,24.5,24.5,24.0,24.5,19.0,24.5,24.5,23.178571428571427,3.276578915233861,0.233831765956157,1980,1985,gld_gld
24.5,24.5,12.5,24.5,24.5,24.0,24.5,24.5,24.5,24.0,24.5,19.0,24.5,24.5,23.178571428571427,3.276578915233861,0.233831765956157,1980,1985,slv_slv
24.5,24.5,12.5,24.5,24.5,24.0,24.5,24.5,24.5,24.0,24.5,19.0,24.5,24.5,23.178571428571427,3.276578915233861,0.233831765956157,1980,1985,uso_uso
24.5,24.5,12.5,24.5,24.5,24.0,24.5,24.5,24.5,24.0,24.5,19.0,24.5,24.5,23.178571428571427,3.276578915233861,0.233831765956157,1980,1985,bnd_bnd
24.5,24.5,12.5,24.5,24.5,24.0,24.5,24.5,24.5,24.0,24.5,19.0,24.5,24.5,23.178571428571427,3.276578915233861,0.233831765956157,1980,1985,xlu_xlu
24.5,24.5,12.5,24.5,24.5,24.0,24.5,24.5,24.5,24.0,24.5,19.0,24.5,24.5,23.178571428571427,3.276578915233861,0.233831765956157,1980,1985,ief_ief
24.5,24.5,,24.5,24.5,24.0,24.5,24.5,24.5,24.0,24.5,19.0,24.5,24.5,24.0,1.454436184706849,0.4074255449095887,1980,1985,tip_tip
24.5,24.5,,24.5,24.5,24.0,24.5,24.5,24.5,24.0,24.5,19.0,24.5,24.5,24.0,1.454436184706849,0.4074255449095887,1980,1985,tlt_tlt
24.5,24.5,,24.5,24.5,24.0,24.5,24.5,24.5,24.0,24.5,19.0,24.5,24.5,24.0,1.454436184706849,0.4074255449095887,1980,1985,hyg_hyg
24.5,24.5,,24.5,24.5,24.0,24.5,24.5,24.5,24.0,24.5,19.0,24.5,24.5,24.0,1.454436184706849,0.4074255449095887,1980,1985,lqd_lqd
24.5,24.5,,24.5,24.5,24.0,24.5,24.5,24.5,24.0,24.5,19.0,24.5,24.5,24.0,1.454436184706849,0.4074255449095887,1980,1985,XLU_Close
24.5,24.5,,24.5,24.5,32.0,24.5,24.5,24.5,24.0,24.5,19.0,24.5,24.5,24.615384615384617,2.5806517226486543,0.2792787675145035,1980,1985,walcl
3.5,8.0,14.5,4.0,5.0,5.0,7.0,4.0,5.0,7.0,7.0,18.5,1.0,7.0,6.892857142857143,4.371901234950678,0.18615383199784044,1985,1990,ppiaco
6.5,7.0,14.5,9.0,3.0,8.0,8.0,3.0,3.0,8.5,6.0,18.5,11.0,4.0,7.857142857142857,4.3153735619980615,0.1881335316015113,1985,1990,permit
15.0,15.0,14.5,16.0,1.0,2.0,2.0,6.0,1.0,2.5,13.0,18.5,5.0,1.0,8.035714285714286,6.555979510869355,0.13234551504030545,1985,1990,payems
5.0,10.0,14.5,13.0,4.0,3.0,6.0,11.0,4.0,5.5,9.0,18.5,7.0,2.0,8.035714285714286,4.665466925469847,0.1765079583298544,1985,1990,m2sl
12.5,6.0,14.5,8.0,2.0,9.0,9.0,10.0,2.0,8.5,10.0,18.5,8.0,3.0,8.642857142857142,4.45785250760855,0.18322224695627895,1985,1990,houst
2.0,12.0,14.5,14.0,16.0,6.0,4.0,2.0,16.0,2.5,8.0,18.5,2.0,13.0,9.321428571428571,5.923943977191037,0.14442635632151493,1985,1990,unrate
12.5,16.0,14.5,11.0,8.0,4.0,1.0,8.0,9.0,2.5,16.0,18.5,4.0,6.0,9.357142857142858,5.346656403199812,0.15756328001242154,1985,1990,cpiaucsl
11.0,13.0,14.5,15.0,7.0,1.0,3.0,9.0,15.0,2.5,14.0,18.5,6.0,5.0,9.607142857142858,5.369153203480878,0.15700674297699083,1985,1990,cpilfesl
16.0,11.0,14.5,12.0,12.0,7.0,5.0,1.0,10.0,5.5,12.0,18.5,3.0,8.0,9.678571428571429,4.842546344852139,0.17115824864292242,1985,1990,indpro
14.0,2.0,14.5,6.0,15.0,10.0,11.0,5.0,13.0,11.0,3.0,3.0,13.0,16.0,9.75,4.7762432936357,0.1731229017139576,1985,1990,nfci
6.5,4.0,14.5,1.0,10.0,16.0,14.0,7.0,8.0,14.0,2.0,18.5,12.0,11.0,9.892857142857142,5.151901768932973,0.16255136014199503,1985,1990,dgs3mo
3.5,9.0,14.5,5.0,9.0,13.0,15.0,16.0,7.0,15.0,5.0,2.0,16.0,9.0,9.928571428571429,4.776643856371567,0.1731108970647398,1985,1990,dgs10
8.5,3.0,14.5,10.0,13.0,12.0,13.0,12.0,12.0,12.0,1.0,1.0,14.0,14.0,10.0,4.625241306446307,0.17777015162959126,1985,1990,anfci
10.0,14.0,14.5,2.0,6.0,14.0,16.0,14.0,6.0,16.0,4.0,4.0,15.0,10.0,10.392857142857142,4.863047881100653,0.17055975326817097,1985,1990,dgs2
8.5,1.0,14.5,7.0,11.0,11.0,12.0,15.0,11.0,13.0,11.0,18.5,9.0,12.0,11.035714285714286,3.93457333734406,0.20265176574277663,1985,1990,t10y3m
1.0,5.0,14.5,3.0,14.0,15.0,10.0,13.0,14.0,10.0,15.0,18.5,10.0,15.0,11.285714285714286,4.9306413872635195,0.16861582663682417,1985,1990,t10y2y
24.5,24.5,14.5,24.5,24.5,17.0,24.5,24.5,24.5,24.5,24.5,18.5,24.5,24.5,22.821428571428573,3.3037162130435074,0.23235732806202355,1985,1990,walcl
24.5,24.5,14.5,24.5,24.5,25.0,24.5,24.5,24.5,24.5,24.5,18.5,24.5,24.5,23.392857142857142,2.916569483317757,0.25532548426866974,1985,1990,qqq_qqq
24.5,24.5,14.5,24.5,24.5,25.0,24.5,24.5,24.5,24.5,24.5,18.5,24.5,24.5,23.392857142857142,2.916569483317757,0.25532548426866974,1985,1990,uso_uso
24.5,24.5,14.5,24.5,24.5,25.0,24.5,24.5,24.5,24.5,24.5,18.5,24.5,24.5,23.392857142857142,2.916569483317757,0.25532548426866974,1985,1990,slv_slv
24.5,24.5,14.5,24.5,24.5,25.0,24.5,24.5,24.5,24.5,24.5,18.5,24.5,24.5,23.392857142857142,2.916569483317757,0.25532548426866974,1985,1990,bnd_bnd
24.5,24.5,14.5,24.5,24.5,25.0,24.5,24.5,24.5,24.5,24.5,18.5,24.5,24.5,23.392857142857142,2.916569483317757,0.25532548426866974,1985,1990,ief_ief
24.5,24.5,14.5,24.5,24.5,25.0,24.5,24.5,24.5,24.5,24.5,18.5,24.5,24.5,23.392857142857142,2.916569483317757,0.25532548426866974,1985,1990,shy_shy
24.5,24.5,14.5,24.5,24.5,25.0,24.5,24.5,24.5,24.5,24.5,18.5,24.5,24.5,23.392857142857142,2.916569483317757,0.25532548426866974,1985,1990,tlt_tlt
24.5,24.5,14.5,24.5,24.5,25.0,24.5,24.5,24.5,24.5,24.5,18.5,24.5,24.5,23.392857142857142,2.916569483317757,0.25532548426866974,1985,1990,xlu_xlu
24.5,24.5,14.5,24.5,24.5,25.0,24.5,24.5,24.5,24.5,24.5,18.5,24.5,24.5,23.392857142857142,2.916569483317757,0.25532548426866974,1985,1990,hyg_hyg
24.5,24.5,14.5,24.5,24.5,25.0,24.5,24.5,24.5,24.5,24.5,18.5,24.5,24.5,23.392857142857142,2.916569483317757,0.25532548426866974,1985,1990,XLU_Close
24.5,24.5,14.5,24.5,24.5,25.0,24.5,24.5,24.5,24.5,24.5,18.5,24.5,24.5,23.392857142857142,2.916569483317757,0.25532548426866974,1985,1990,lqd_lqd
24.5,24.5,,24.5,24.5,25.0,24.5,24.5,24.5,24.5,24.5,18.5,24.5,24.5,24.076923076923077,1.6153846153846154,0.38235294117647056,1985,1990,gld_gld
24.5,24.5,,24.5,24.5,25.0,24.5,24.5,24.5,24.5,24.5,18.5,24.5,24.5,24.076923076923077,1.6153846153846154,0.38235294117647056,1985,1990,iwm_iwm
24.5,24.5,,24.5,24.5,25.0,24.5,24.5,24.5,24.5,24.5,18.5,24.5,24.5,24.076923076923077,1.6153846153846154,0.38235294117647056,1985,1990,spy_spy
24.5,24.5,,24.5,24.5,25.0,24.5,24.5,24.5,24.5,24.5,18.5,24.5,24.5,24.076923076923077,1.6153846153846154,0.38235294117647056,1985,1990,tip_tip
6.0,3.0,13.5,4.0,3.0,13.0,16.0,10.0,3.0,16.0,5.0,1.0,4.0,2.0,7.107142857142857,5.217342548204605,0.16084042213321062,1990,1995,permit
9.0,11.0,13.5,12.0,1.0,6.0,13.0,13.0,1.0,13.0,13.0,2.5,3.0,1.0,8.0,5.088502445991074,0.1642440006997849,1990,1995,payems
13.0,2.0,13.5,5.0,2.0,8.0,15.0,7.0,2.0,15.0,7.0,18.0,2.0,3.0,8.035714285714286,5.562836781824943,0.1523731327235488,1990,1995,houst
4.5,10.0,13.5,16.0,8.0,5.0,10.0,9.0,6.0,12.0,12.0,2.5,1.0,7.0,8.321428571428571,4.134381724623158,0.19476541746093018,1990,1995,indpro
7.5,6.0,13.5,1.0,10.0,14.0,7.0,3.0,9.0,5.0,1.0,18.0,13.0,11.0,8.5,4.920801328471382,0.1688960572264595,1990,1995,dgs10
14.0,14.0,13.5,14.0,6.0,1.0,2.0,6.0,12.0,1.0,8.0,18.0,7.0,5.0,8.678571428571429,5.343912233484349,0.15763143675314642,1990,1995,cpilfesl
4.5,1.0,13.5,2.0,5.0,7.0,14.0,16.0,5.0,14.0,9.0,18.0,5.0,8.0,8.714285714285714,5.246475979558244,0.16009026581908362,1990,1995,ppiaco
16.0,15.0,13.5,15.0,4.0,3.0,1.0,11.0,4.0,2.0,11.0,18.0,8.0,4.0,8.964285714285714,5.702331245434017,0.14920181700676954,1990,1995,m2sl
12.0,5.0,13.5,3.0,9.0,11.0,8.0,5.0,7.0,6.0,3.0,18.0,16.0,10.0,9.035714285714286,4.489926366379543,0.18215180555499377,1990,1995,dgs2
15.0,13.0,13.5,13.0,7.0,2.0,3.0,8.0,11.0,3.0,10.0,18.0,6.0,6.0,9.178571428571429,4.764478471148843,0.173476231198536,1990,1995,cpiaucsl
2.0,7.0,13.5,7.0,15.0,12.0,6.0,1.0,15.0,8.0,2.0,18.0,11.0,15.0,9.464285714285714,5.340091912378762,0.15772642002989612,1990,1995,anfci
10.5,16.0,13.5,6.0,12.0,9.0,5.0,4.0,8.0,8.0,6.0,18.0,14.0,9.0,9.928571428571429,4.10077145554495,0.196048775898971,1990,1995,dgs3mo
10.5,12.0,13.5,11.0,16.0,10.0,4.0,2.0,16.0,4.0,4.0,18.0,10.0,16.0,10.5,5.056820005836531,0.16510313977241695,1990,1995,nfci
3.0,4.0,13.5,9.0,11.0,16.0,9.0,12.0,10.0,8.0,15.0,18.0,12.0,12.0,10.892857142857142,4.054004067535186,0.19786291950645288,1990,1995,t10y3m
1.0,9.0,13.5,10.0,14.0,4.0,12.0,15.0,13.0,11.0,16.0,18.0,9.0,14.0,11.392857142857142,4.432745728538639,0.18406898646975536,1990,1995,unrate
7.5,8.0,13.5,8.0,13.0,15.0,11.0,14.0,14.0,10.0,14.0,18.0,15.0,13.0,12.428571428571429,2.987217666618069,0.2508014569588806,1990,1995,t10y2y
24.5,24.5,13.5,24.5,24.5,24.0,24.5,24.5,24.5,24.5,24.5,18.0,24.5,24.5,23.214285714285715,3.1663086084716427,0.24002062592450088,1990,1995,shy_shy
24.5,24.5,13.5,24.5,24.5,24.0,24.5,24.5,24.5,24.5,24.5,18.0,24.5,24.5,23.214285714285715,3.1663086084716427,0.24002062592450088,1990,1995,spy_spy
24.5,24.5,13.5,24.5,24.5,24.0,24.5,24.5,24.5,24.5,24.5,18.0,24.5,24.5,23.214285714285715,3.1663086084716427,0.24002062592450088,1990,1995,qqq_qqq
24.5,24.5,13.5,24.5,24.5,24.0,24.5,24.5,24.5,24.5,24.5,18.0,24.5,24.5,23.214285714285715,3.1663086084716427,0.24002062592450088,1990,1995,iwm_iwm
24.5,24.5,13.5,24.5,24.5,24.0,24.5,24.5,24.5,24.5,24.5,18.0,24.5,24.5,23.214285714285715,3.1663086084716427,0.24002062592450088,1990,1995,gld_gld
24.5,24.5,13.5,24.5,24.5,24.0,24.5,24.5,24.5,24.5,24.5,18.0,24.5,24.5,23.214285714285715,3.1663086084716427,0.24002062592450088,1990,1995,slv_slv
24.5,24.5,13.5,24.5,24.5,24.0,24.5,24.5,24.5,24.5,24.5,18.0,24.5,24.5,23.214285714285715,3.1663086084716427,0.24002062592450088,1990,1995,uso_uso
24.5,24.5,13.5,24.5,24.5,24.0,24.5,24.5,24.5,24.5,24.5,18.0,24.5,24.5,23.214285714285715,3.1663086084716427,0.24002062592450088,1990,1995,bnd_bnd
24.5,24.5,13.5,24.5,24.5,24.0,24.5,24.5,24.5,24.5,24.5,18.0,24.5,24.5,23.214285714285715,3.1663086084716427,0.24002062592450088,1990,1995,xlu_xlu
24.5,24.5,13.5,24.5,24.5,24.0,24.5,24.5,24.5,24.5,24.5,18.0,24.5,24.5,23.214285714285715,3.1663086084716427,0.24002062592450088,1990,1995,ief_ief
24.5,24.5,,24.5,24.5,24.0,24.5,24.5,24.5,24.5,24.5,18.0,24.5,24.5,23.96153846153846,1.7260619747936061,0.3668295179076812,1990,1995,tip_tip
24.5,24.5,,24.5,24.5,24.0,24.5,24.5,24.5,24.5,24.5,18.0,24.5,24.5,23.96153846153846,1.7260619747936061,0.3668295179076812,1990,1995,tlt_tlt
24.5,24.5,,24.5,24.5,24.0,24.5,24.5,24.5,24.5,24.5,18.0,24.5,24.5,23.96153846153846,1.7260619747936061,0.3668295179076812,1990,1995,hyg_hyg
24.5,24.5,,24.5,24.5,24.0,24.5,24.5,24.5,24.5,24.5,18.0,24.5,24.5,23.96153846153846,1.7260619747936061,0.3668295179076812,1990,1995,lqd_lqd
24.5,24.5,,24.5,24.5,24.0,24.5,24.5,24.5,24.5,24.5,18.0,24.5,24.5,23.96153846153846,1.7260619747936061,0.3668295179076812,1990,1995,XLU_Close
24.5,24.5,,24.5,24.5,32.0,24.5,24.5,24.5,24.5,24.5,18.0,24.5,24.5,24.576923076923077,2.7515460957722957,0.2665567673890301,1990,1995,walcl
9.5,13.0,13.0,15.0,1.0,1.0,4.0,4.0,1.0,3.5,10.0,19.5,6.0,1.0,7.25,5.866825620141002,0.14562769688907087,1995,2000,payems
11.5,15.0,13.0,8.0,3.0,8.0,1.0,9.0,3.0,3.5,5.0,19.5,4.0,4.0,7.678571428571429,5.198238516408168,0.16133615983843946,1995,2000,permit
8.0,14.0,13.0,13.0,4.0,3.0,2.0,6.0,4.0,3.5,9.0,19.5,8.0,2.0,7.785714285714286,5.1537582878707,0.1625023202440433,1995,2000,m2sl
5.0,11.0,13.0,11.0,8.0,2.0,5.0,7.0,12.0,3.5,12.0,19.5,2.0,6.0,8.357142857142858,4.786247305071702,0.17282358448860116,1995,2000,cpilfesl
9.5,8.0,13.0,6.0,10.0,12.0,10.0,11.0,7.0,7.0,2.0,2.0,10.0,10.0,8.392857142857142,3.2081290243278393,0.2376352992550482,1995,2000,dgs10
14.0,12.0,13.0,16.0,6.0,5.0,3.0,3.0,6.0,3.5,11.0,19.5,5.0,5.0,8.714285714285714,5.212328399759437,0.16097024105144273,1995,2000,indpro
6.0,4.0,13.0,2.0,9.0,13.0,14.0,16.0,8.0,14.0,1.0,1.0,13.0,9.0,8.785714285714286,5.059341733418509,0.16503442848994562,1995,2000,dgs2
4.0,9.0,13.0,14.0,7.0,4.0,7.0,10.0,9.0,9.0,13.0,19.5,1.0,7.0,9.035714285714286,4.584384542406217,0.17907076283989515,1995,2000,cpiaucsl
1.0,1.0,13.0,3.0,5.0,9.0,16.0,5.0,5.0,16.0,16.0,19.5,12.0,8.0,9.25,5.942432162002357,0.14404173878331092,1995,2000,ppiaco
16.0,16.0,13.0,9.0,2.0,7.0,8.0,14.0,2.0,3.5,3.0,19.5,14.0,3.0,9.285714285714286,5.845371446447076,0.1460841106758386,1995,2000,houst
2.0,5.0,13.0,5.0,14.0,14.0,13.0,1.0,15.0,11.0,15.0,5.0,3.0,16.0,9.428571428571429,5.354761375426089,0.15736232108840587,1995,2000,t10y2y
3.0,7.0,13.0,1.0,12.0,15.0,11.0,15.0,11.0,12.0,8.0,3.0,9.0,13.0,9.5,4.37117179451264,0.1861791129119407,1995,2000,dgs3mo
11.5,6.0,13.0,7.0,16.0,10.0,9.0,8.0,16.0,9.0,4.0,4.0,15.0,15.0,10.25,4.100304866714182,0.19606671093844624,1995,2000,nfci
7.0,3.0,13.0,10.0,11.0,16.0,15.0,12.0,10.0,15.0,7.0,6.0,11.0,11.0,10.5,3.600595188893874,0.21736317996724921,1995,2000,t10y3m
15.0,10.0,,12.0,13.0,6.0,6.0,2.0,14.0,9.0,14.0,19.5,7.0,12.0,10.73076923076923,4.50049306963387,0.18180188345670675,1995,2000,unrate
13.0,2.0,13.0,4.0,15.0,11.0,12.0,13.0,13.0,13.0,6.0,19.5,16.0,14.0,11.75,4.554236646088061,0.18004274281404922,1995,2000,anfci
24.5,24.5,13.0,24.5,24.5,24.5,24.5,24.5,24.5,24.5,24.5,19.5,24.5,24.5,23.321428571428573,3.137373462770724,0.24169923479190059,1995,2000,xlu_xlu
24.5,24.5,13.0,24.5,24.5,24.5,24.5,24.5,24.5,24.5,24.5,19.5,24.5,24.5,23.321428571428573,3.137373462770724,0.24169923479190059,1995,2000,spy_spy
24.5,24.5,13.0,24.5,24.5,24.5,24.5,24.5,24.5,24.5,24.5,19.5,24.5,24.5,23.321428571428573,3.137373462770724,0.24169923479190059,1995,2000,iwm_iwm
24.5,24.5,13.0,24.5,24.5,24.5,24.5,24.5,24.5,24.5,24.5,19.5,24.5,24.5,23.321428571428573,3.137373462770724,0.24169923479190059,1995,2000,bnd_bnd
24.5,24.5,13.0,24.5,24.5,24.5,24.5,24.5,24.5,24.5,24.5,19.5,24.5,24.5,23.321428571428573,3.137373462770724,0.24169923479190059,1995,2000,uso_uso
24.5,24.5,13.0,24.5,24.5,24.5,24.5,24.5,24.5,24.5,24.5,19.5,24.5,24.5,23.321428571428573,3.137373462770724,0.24169923479190059,1995,2000,ief_ief
24.5,24.5,13.0,24.5,24.5,24.5,24.5,24.5,24.5,24.5,24.5,19.5,24.5,24.5,23.321428571428573,3.137373462770724,0.24169923479190059,1995,2000,shy_shy
24.5,24.5,13.0,24.5,24.5,24.5,24.5,24.5,24.5,24.5,24.5,19.5,24.5,24.5,23.321428571428573,3.137373462770724,0.24169923479190059,1995,2000,tlt_tlt
24.5,24.5,13.0,24.5,24.5,24.5,24.5,24.5,24.5,24.5,24.5,19.5,24.5,24.5,23.321428571428573,3.137373462770724,0.24169923479190059,1995,2000,lqd_lqd
24.5,24.5,13.0,24.5,24.5,24.5,24.5,24.5,24.5,24.5,24.5,19.5,24.5,24.5,23.321428571428573,3.137373462770724,0.24169923479190059,1995,2000,hyg_hyg
24.5,24.5,,24.5,24.5,24.5,24.5,24.5,24.5,24.5,24.5,19.5,24.5,24.5,24.115384615384617,1.3323467750529825,0.42875270980117597,1995,2000,walcl
24.5,24.5,,24.5,24.5,24.5,24.5,24.5,24.5,24.5,24.5,19.5,24.5,24.5,24.115384615384617,1.3323467750529825,0.42875270980117597,1995,2000,qqq_qqq
24.5,24.5,,24.5,24.5,24.5,24.5,24.5,24.5,24.5,24.5,19.5,24.5,24.5,24.115384615384617,1.3323467750529825,0.42875270980117597,1995,2000,gld_gld
24.5,24.5,,24.5,24.5,24.5,24.5,24.5,24.5,24.5,24.5,19.5,24.5,24.5,24.115384615384617,1.3323467750529825,0.42875270980117597,1995,2000,slv_slv
24.5,24.5,,24.5,24.5,24.5,24.5,24.5,24.5,24.5,24.5,19.5,24.5,24.5,24.115384615384617,1.3323467750529825,0.42875270980117597,1995,2000,tip_tip
24.5,24.5,,24.5,24.5,24.5,24.5,24.5,24.5,24.5,24.5,19.5,24.5,24.5,24.115384615384617,1.3323467750529825,0.42875270980117597,1995,2000,XLU_Close
2.5,1.0,15.0,3.0,3.0,8.0,13.0,11.0,3.0,5.0,7.0,18.0,3.0,4.0,6.892857142857143,5.1484344757431275,0.16264302790331606,2000,2005,houst
6.5,3.0,15.0,2.0,2.0,4.0,16.0,2.0,2.0,16.0,2.0,18.0,17.0,2.0,7.678571428571429,6.632191899195552,0.13102395919911317,2000,2005,payems
10.0,6.0,15.0,15.0,4.0,7.0,10.0,7.0,4.0,5.0,11.0,18.0,1.0,5.0,8.428571428571429,4.761666660713988,0.17356089112522166,2000,2005,permit
8.0,7.0,15.0,6.0,1.0,18.0,14.0,18.0,1.0,14.5,17.0,1.0,4.0,1.0,8.964285714285714,6.61293182687821,0.13135543871145686,2000,2005,walcl
13.0,2.0,15.0,1.0,7.0,17.0,17.0,1.0,7.0,17.0,1.0,3.0,16.0,10.0,9.071428571428571,6.430555249457586,0.13457944479626846,2000,2005,XLU_Close
1.0,11.0,15.0,16.0,8.0,3.0,4.0,14.0,10.0,5.0,12.0,18.0,7.0,7.0,9.357142857142858,5.022906711928333,0.1660327891214894,2000,2005,cpiaucsl
15.5,18.0,15.0,18.0,5.0,2.0,1.0,9.0,5.0,5.0,18.0,18.0,5.0,3.0,9.821428571428571,6.578121591569237,0.13195882223802183,2000,2005,m2sl
5.0,16.0,15.0,17.0,10.0,1.0,2.0,13.0,14.0,5.0,13.0,18.0,9.0,8.0,10.428571428571429,5.381373771953533,0.15670606921585625,2000,2005,cpilfesl
6.5,10.0,15.0,8.0,9.0,9.0,18.0,15.0,8.0,18.0,3.0,18.0,2.0,9.0,10.607142857142858,5.16228967551004,0.1622773437565205,2000,2005,indpro
18.0,8.0,15.0,5.0,6.0,6.0,15.0,17.0,6.0,14.5,5.0,18.0,10.0,6.0,10.678571428571429,5.0624921264740985,0.16494866783135811,2000,2005,ppiaco
12.0,4.0,15.0,4.0,11.0,15.0,11.0,4.0,9.0,12.0,15.0,18.0,8.0,13.0,10.785714285714286,4.328948592714788,0.1876542778752081,2000,2005,t10y3m
2.5,14.0,15.0,9.0,16.0,5.0,9.0,3.0,16.0,10.0,9.0,18.0,12.0,16.0,11.035714285714286,4.893378491515294,0.16968195771571462,2000,2005,unrate
4.0,9.0,15.0,14.0,12.0,10.0,7.0,8.0,12.0,8.0,14.0,18.0,18.0,11.0,11.428571428571429,3.9589732744431476,0.20165464596344126,2000,2005,dgs2
17.0,13.0,15.0,13.0,14.0,11.0,3.0,5.0,11.0,10.0,6.0,18.0,13.0,12.0,11.5,4.187566630599958,0.19276860833001905,2000,2005,dgs3mo
11.0,17.0,15.0,12.0,17.0,13.0,5.0,12.0,17.0,1.0,16.0,2.0,11.0,17.0,11.857142857142858,5.329930887479323,0.15797960795717558,2000,2005,anfci
15.5,15.0,,10.0,18.0,12.0,6.0,10.0,18.0,2.0,8.0,18.0,6.0,18.0,12.038461538461538,5.271335907388251,0.159455659012285,2000,2005,nfci
9.0,5.0,15.0,7.0,13.0,16.0,12.0,16.0,13.0,13.0,4.0,18.0,15.0,14.0,12.142857142857142,4.137928102274354,0.19463098355878905,2000,2005,dgs10
14.0,12.0,15.0,11.0,15.0,14.0,8.0,6.0,15.0,10.0,10.0,18.0,14.0,15.0,12.642857142857142,3.153391436377731,0.24076709727897044,2000,2005,t10y2y
25.5,25.5,15.0,25.5,25.5,25.5,25.5,25.5,25.5,25.5,25.5,18.0,25.5,25.5,24.214285714285715,3.1999681120860166,0.23809704581383725,2000,2005,qqq_qqq
25.5,25.5,15.0,25.5,25.5,25.5,25.5,25.5,25.5,25.5,25.5,18.0,25.5,25.5,24.214285714285715,3.1999681120860166,0.23809704581383725,2000,2005,spy_spy
25.5,25.5,15.0,25.5,25.5,25.5,25.5,25.5,25.5,25.5,25.5,18.0,25.5,25.5,24.214285714285715,3.1999681120860166,0.23809704581383725,2000,2005,gld_gld
25.5,25.5,15.0,25.5,25.5,25.5,25.5,25.5,25.5,25.5,25.5,18.0,25.5,25.5,24.214285714285715,3.1999681120860166,0.23809704581383725,2000,2005,slv_slv
25.5,25.5,15.0,25.5,25.5,25.5,25.5,25.5,25.5,25.5,25.5,18.0,25.5,25.5,24.214285714285715,3.1999681120860166,0.23809704581383725,2000,2005,uso_uso
25.5,25.5,15.0,25.5,25.5,25.5,25.5,25.5,25.5,25.5,25.5,18.0,25.5,25.5,24.214285714285715,3.1999681120860166,0.23809704581383725,2000,2005,iwm_iwm
25.5,25.5,15.0,25.5,25.5,25.5,25.5,25.5,25.5,25.5,25.5,18.0,25.5,25.5,24.214285714285715,3.1999681120860166,0.23809704581383725,2000,2005,bnd_bnd
25.5,25.5,15.0,25.5,25.5,25.5,25.5,25.5,25.5,25.5,25.5,18.0,25.5,25.5,24.214285714285715,3.1999681120860166,0.23809704581383725,2000,2005,tlt_tlt
25.5,25.5,15.0,25.5,25.5,25.5,25.5,25.5,25.5,25.5,25.5,18.0,25.5,25.5,24.214285714285715,3.1999681120860166,0.23809704581383725,2000,2005,tip_tip
25.5,25.5,15.0,25.5,25.5,25.5,25.5,25.5,25.5,25.5,25.5,18.0,25.5,25.5,24.214285714285715,3.1999681120860166,0.23809704581383725,2000,2005,shy_shy
25.5,25.5,15.0,25.5,25.5,25.5,25.5,25.5,25.5,25.5,25.5,18.0,25.5,25.5,24.214285714285715,3.1999681120860166,0.23809704581383725,2000,2005,xlu_xlu
25.5,25.5,15.0,25.5,25.5,25.5,25.5,25.5,25.5,25.5,25.5,18.0,25.5,25.5,24.214285714285715,3.1999681120860166,0.23809704581383725,2000,2005,lqd_lqd
25.5,25.5,,25.5,25.5,25.5,25.5,25.5,25.5,25.5,25.5,18.0,25.5,25.5,24.923076923076923,1.9985201625794737,0.3334978408615239,2000,2005,ief_ief
25.5,25.5,,25.5,25.5,25.5,25.5,25.5,25.5,25.5,25.5,18.0,25.5,25.5,24.923076923076923,1.9985201625794737,0.3334978408615239,2000,2005,hyg_hyg
5.5,1.0,14.5,5.0,6.0,8.0,17.0,14.0,6.0,17.0,1.0,3.0,3.0,6.0,7.642857142857143,5.436085025840128,0.1553739573024777,2005,2010,ppiaco
2.0,14.0,14.5,15.0,3.0,5.0,5.0,6.0,3.0,9.5,6.0,18.5,5.0,4.0,7.892857142857143,5.1864472130619,0.16164366486286777,2005,2010,houst
7.0,3.0,,1.0,16.0,16.0,13.0,2.0,12.0,14.0,3.0,1.0,1.0,16.0,8.076923076923077,6.219838465148784,0.13850725398180946,2005,2010,nfci
10.5,2.0,14.5,2.0,13.0,14.0,14.0,3.0,11.0,12.5,2.0,2.0,2.0,13.0,8.25,5.371053368354692,0.15695991576009155,2005,2010,anfci
3.5,5.0,14.5,3.0,2.0,6.0,16.0,18.0,2.0,16.0,8.0,18.5,4.0,2.0,8.464285714285714,6.323042570387992,0.13655526243199453,2005,2010,payems
15.0,15.0,14.5,16.0,4.0,4.0,6.0,5.0,4.0,9.5,7.0,18.5,7.0,5.0,9.321428571428571,5.101145329577407,0.16390365185240793,2005,2010,permit
1.0,16.0,14.5,17.0,5.0,2.0,3.0,11.0,5.0,9.5,14.0,18.5,13.0,3.0,9.464285714285714,5.932550299932104,0.14424706013453575,2005,2010,m2sl
8.0,13.0,,12.0,12.0,9.0,4.0,1.0,10.0,5.0,12.0,18.5,14.0,12.0,10.038461538461538,4.474120190527958,0.18267775737374772,2005,2010,dgs3mo
13.5,4.0,14.5,4.0,14.0,15.0,11.0,8.0,16.0,2.0,10.0,4.0,8.0,18.0,10.142857142857142,5.030011968988072,0.1658371500990263,2005,2010,dgs10
16.5,7.0,14.5,14.0,7.0,3.0,12.0,13.0,8.0,12.5,4.0,18.5,9.0,7.0,10.428571428571429,4.507363589795286,0.18157508283145166,2005,2010,cpiaucsl
16.5,11.0,14.5,9.0,1.0,18.0,8.0,16.0,1.0,5.0,18.0,18.5,11.0,1.0,10.607142857142858,6.372873795091447,0.13563232299809044,2005,2010,walcl
10.5,17.0,14.5,11.0,15.0,10.0,1.0,4.0,14.0,1.0,11.0,18.5,15.0,14.0,11.178571428571429,5.373902355887409,0.1568897582932575,2005,2010,dgs2
18.0,6.0,14.5,8.0,8.0,7.0,15.0,15.0,7.0,15.0,16.0,18.5,6.0,9.0,11.642857142857142,4.541194664357809,0.1804664987556242,2005,2010,indpro
9.0,10.0,14.5,7.0,11.0,13.0,7.0,7.0,15.0,5.0,15.0,18.5,17.0,15.0,11.714285714285714,4.126198032581765,0.19507634969309967,2005,2010,t10y3m
13.5,8.0,14.5,18.0,10.0,1.0,9.0,12.0,17.0,9.5,9.0,18.5,16.0,8.0,11.714285714285714,4.689327874905672,0.17576768679667276,2005,2010,cpilfesl
5.5,12.0,14.5,6.0,18.0,11.0,10.0,17.0,13.0,5.0,17.0,18.5,12.0,11.0,12.178571428571429,4.377732382904022,0.18595198288018774,2005,2010,unrate
12.0,9.0,14.5,13.0,9.0,17.0,18.0,10.0,9.0,18.0,5.0,18.5,10.0,10.0,12.357142857142858,4.077063769380096,0.1969642386670473,2005,2010,XLU_Close
3.5,18.0,14.5,10.0,17.0,12.0,2.0,9.0,18.0,5.0,13.0,18.5,18.0,17.0,12.535714285714286,5.591652853374668,0.15170701829178387,2005,2010,t10y2y
25.5,25.5,14.5,25.5,25.5,25.5,25.5,25.5,25.5,25.5,25.5,18.5,25.5,25.5,24.214285714285715,3.2387954425013237,0.23591607888723629,2005,2010,qqq_qqq
25.5,25.5,14.5,25.5,25.5,25.5,25.5,25.5,25.5,25.5,25.5,18.5,25.5,25.5,24.214285714285715,3.2387954425013237,0.23591607888723629,2005,2010,spy_spy
25.5,25.5,14.5,25.5,25.5,25.5,25.5,25.5,25.5,25.5,25.5,18.5,25.5,25.5,24.214285714285715,3.2387954425013237,0.23591607888723629,2005,2010,gld_gld
25.5,25.5,14.5,25.5,25.5,25.5,25.5,25.5,25.5,25.5,25.5,18.5,25.5,25.5,24.214285714285715,3.2387954425013237,0.23591607888723629,2005,2010,slv_slv
25.5,25.5,14.5,25.5,25.5,25.5,25.5,25.5,25.5,25.5,25.5,18.5,25.5,25.5,24.214285714285715,3.2387954425013237,0.23591607888723629,2005,2010,uso_uso
25.5,25.5,14.5,25.5,25.5,25.5,25.5,25.5,25.5,25.5,25.5,18.5,25.5,25.5,24.214285714285715,3.2387954425013237,0.23591607888723629,2005,2010,iwm_iwm
25.5,25.5,14.5,25.5,25.5,25.5,25.5,25.5,25.5,25.5,25.5,18.5,25.5,25.5,24.214285714285715,3.2387954425013237,0.23591607888723629,2005,2010,bnd_bnd
25.5,25.5,14.5,25.5,25.5,25.5,25.5,25.5,25.5,25.5,25.5,18.5,25.5,25.5,24.214285714285715,3.2387954425013237,0.23591607888723629,2005,2010,tlt_tlt
25.5,25.5,14.5,25.5,25.5,25.5,25.5,25.5,25.5,25.5,25.5,18.5,25.5,25.5,24.214285714285715,3.2387954425013237,0.23591607888723629,2005,2010,tip_tip
25.5,25.5,14.5,25.5,25.5,25.5,25.5,25.5,25.5,25.5,25.5,18.5,25.5,25.5,24.214285714285715,3.2387954425013237,0.23591607888723629,2005,2010,shy_shy
25.5,25.5,14.5,25.5,25.5,25.5,25.5,25.5,25.5,25.5,25.5,18.5,25.5,25.5,24.214285714285715,3.2387954425013237,0.23591607888723629,2005,2010,hyg_hyg
25.5,25.5,14.5,25.5,25.5,25.5,25.5,25.5,25.5,25.5,25.5,18.5,25.5,25.5,24.214285714285715,3.2387954425013237,0.23591607888723629,2005,2010,lqd_lqd
25.5,25.5,,25.5,25.5,25.5,25.5,25.5,25.5,25.5,25.5,18.5,25.5,25.5,24.96153846153846,1.8652854850741758,0.34900536271488225,2005,2010,ief_ief
25.5,25.5,,25.5,25.5,25.5,25.5,25.5,25.5,25.5,25.5,18.5,25.5,25.5,24.96153846153846,1.8652854850741758,0.34900536271488225,2005,2010,xlu_xlu
5.0,14.0,14.5,14.0,2.0,3.0,5.0,5.0,2.0,7.0,4.0,17.5,6.0,2.0,7.214285714285714,5.188291370667107,0.1615954938288884,2010,2015,payems
1.5,16.0,14.5,16.0,4.0,1.0,2.0,3.0,4.0,7.0,5.0,17.5,9.0,3.0,7.392857142857143,5.8284357477204916,0.146446424473398,2010,2015,m2sl
11.0,7.0,14.5,8.0,1.0,8.0,10.0,7.0,1.0,7.0,7.0,17.5,7.0,1.0,7.642857142857143,4.5959165548986896,0.1787017354868517,2010,2015,walcl
1.5,10.0,14.5,9.0,3.0,9.0,9.0,2.0,3.0,12.0,13.0,17.5,8.0,4.0,8.25,4.809774274477813,0.17212372680174065,2010,2015,houst
11.0,12.0,14.5,12.0,7.0,10.0,6.0,15.0,7.0,7.0,2.0,2.0,4.0,9.0,8.464285714285714,4.0464459084233315,0.19815926260714276,2010,2015,XLU_Close
6.0,17.0,14.5,15.0,8.0,4.0,1.0,6.0,8.0,2.0,9.0,17.5,10.0,7.0,8.928571428571429,5.10901564064219,0.16369249300119296,2010,2015,cpiaucsl
14.5,11.0,14.5,11.0,5.0,7.0,8.0,1.0,5.0,7.0,14.0,17.5,5.0,5.0,8.964285714285714,4.65013166370544,0.17698702605882022,2010,2015,permit
4.0,15.0,14.5,17.0,10.0,2.0,4.0,4.0,13.0,7.0,3.0,17.5,11.0,8.0,9.285714285714286,5.260072941218475,0.1597425476332162,2010,2015,cpilfesl
13.0,4.0,14.5,4.0,6.0,11.0,11.0,16.0,6.0,2.0,18.0,17.5,12.0,6.0,10.071428571428571,5.178448274397674,0.16185293711105614,2010,2015,ppiaco
16.0,18.0,14.5,18.0,9.0,5.0,3.0,13.0,9.0,2.0,8.0,17.5,3.0,10.0,10.428571428571429,5.60566404520955,0.15138523442245044,2010,2015,indpro
14.5,13.0,14.5,13.0,14.0,6.0,7.0,9.0,14.0,7.0,6.0,17.5,2.0,11.0,10.607142857142858,4.28943291052297,0.18905618369987595,2010,2015,unrate
3.0,1.0,14.5,1.0,15.0,17.0,15.0,18.0,17.0,15.0,17.0,1.0,18.0,16.0,12.035714285714286,6.762460154924299,0.12882513791270497,2010,2015,dgs2
17.0,5.0,14.5,3.0,13.0,16.0,18.0,8.0,12.0,17.5,1.0,17.5,14.0,14.0,12.178571428571429,5.472682623909486,0.15449544773075902,2010,2015,t10y2y
7.0,8.0,14.5,6.0,12.0,14.0,16.0,14.0,11.0,16.0,10.0,17.5,17.0,12.0,12.5,3.585685828003181,0.21806988910870204,2010,2015,dgs10
8.5,2.0,14.5,7.0,17.0,15.0,13.0,10.0,16.0,12.0,15.0,17.5,13.0,17.0,12.678571428571429,4.287053362230547,0.18914127236614678,2010,2015,nfci
11.0,3.0,14.5,10.0,16.0,12.0,12.0,11.0,15.0,12.0,16.0,17.5,15.0,15.0,12.857142857142858,3.507281056340262,0.22186324471453336,2010,2015,anfci
8.5,9.0,14.5,2.0,18.0,18.0,14.0,17.0,18.0,14.0,12.0,17.5,1.0,18.0,12.964285714285714,5.623497531767566,0.1509776360908731,2010,2015,dgs3mo
18.0,6.0,14.5,5.0,11.0,13.0,17.0,12.0,10.0,17.5,11.0,17.5,16.0,13.0,12.964285714285714,3.9976077029817194,0.20009573768732802,2010,2015,t10y3m
25.5,25.5,14.5,25.5,25.5,25.5,25.5,25.5,25.5,25.5,25.5,17.5,25.5,25.5,24.142857142857142,3.3723061811751074,0.22871225357123517,2010,2015,uso_uso
25.5,25.5,14.5,25.5,25.5,25.5,25.5,25.5,25.5,25.5,25.5,17.5,25.5,25.5,24.142857142857142,3.3723061811751074,0.22871225357123517,2010,2015,qqq_qqq
25.5,25.5,14.5,25.5,25.5,25.5,25.5,25.5,25.5,25.5,25.5,17.5,25.5,25.5,24.142857142857142,3.3723061811751074,0.22871225357123517,2010,2015,bnd_bnd
25.5,25.5,14.5,25.5,25.5,25.5,25.5,25.5,25.5,25.5,25.5,17.5,25.5,25.5,24.142857142857142,3.3723061811751074,0.22871225357123517,2010,2015,ief_ief
25.5,25.5,14.5,25.5,25.5,25.5,25.5,25.5,25.5,25.5,25.5,17.5,25.5,25.5,24.142857142857142,3.3723061811751074,0.22871225357123517,2010,2015,tlt_tlt
25.5,25.5,14.5,25.5,25.5,25.5,25.5,25.5,25.5,25.5,25.5,17.5,25.5,25.5,24.142857142857142,3.3723061811751074,0.22871225357123517,2010,2015,slv_slv
25.5,25.5,14.5,25.5,25.5,25.5,25.5,25.5,25.5,25.5,25.5,17.5,25.5,25.5,24.142857142857142,3.3723061811751074,0.22871225357123517,2010,2015,hyg_hyg
25.5,25.5,14.5,25.5,25.5,25.5,25.5,25.5,25.5,25.5,25.5,17.5,25.5,25.5,24.142857142857142,3.3723061811751074,0.22871225357123517,2010,2015,lqd_lqd
25.5,25.5,14.5,25.5,25.5,25.5,25.5,25.5,25.5,25.5,25.5,17.5,25.5,25.5,24.142857142857142,3.3723061811751074,0.22871225357123517,2010,2015,xlu_xlu
25.5,25.5,14.5,25.5,25.5,25.5,25.5,25.5,25.5,25.5,25.5,17.5,25.5,25.5,24.142857142857142,3.3723061811751074,0.22871225357123517,2010,2015,shy_shy
25.5,25.5,,25.5,25.5,25.5,25.5,25.5,25.5,25.5,25.5,17.5,25.5,25.5,24.884615384615383,2.131754840084772,0.3193097962843514,2010,2015,gld_gld
25.5,25.5,,25.5,25.5,25.5,25.5,25.5,25.5,25.5,25.5,17.5,25.5,25.5,24.884615384615383,2.131754840084772,0.3193097962843514,2010,2015,iwm_iwm
25.5,25.5,,25.5,25.5,25.5,25.5,25.5,25.5,25.5,25.5,17.5,25.5,25.5,24.884615384615383,2.131754840084772,0.3193097962843514,2010,2015,spy_spy
25.5,25.5,,25.5,25.5,25.5,25.5,25.5,25.5,25.5,25.5,17.5,25.5,25.5,24.884615384615383,2.131754840084772,0.3193097962843514,2010,2015,tip_tip
4.5,6.0,13.5,8.0,1.0,14.0,12.0,11.0,1.0,11.0,6.0,2.0,10.0,1.0,7.214285714285714,4.6202747510846365,0.1779272445367575,2015,2020,walcl
4.5,1.0,13.5,1.0,3.0,17.0,16.0,18.0,3.0,15.0,1.0,1.0,16.0,5.0,8.214285714285714,6.839262402049042,0.12756302171217257,2015,2020,houst
2.5,12.0,13.5,7.0,7.0,5.0,8.0,1.0,6.0,1.0,15.0,18.5,13.0,8.0,8.392857142857142,5.151901768932973,0.16255136014199503,2015,2020,ppiaco
11.5,8.0,13.5,5.0,5.0,10.0,13.0,17.0,5.0,14.0,7.0,3.5,3.0,4.0,8.535714285714286,4.421797815184153,0.1844406660092386,2015,2020,permit
15.0,15.0,13.5,16.0,2.0,2.0,3.0,10.0,2.0,8.5,8.0,18.5,9.0,2.0,8.892857142857142,5.766834274627667,0.14777959078287362,2015,2020,payems
11.5,7.0,13.5,9.0,13.0,9.0,10.0,3.0,12.0,4.0,3.0,18.5,5.0,13.0,9.392857142857142,4.420643826043294,0.1844799311837341,2015,2020,dgs2
7.5,18.0,13.5,17.0,8.0,4.0,1.0,6.0,9.0,2.5,11.0,18.5,11.0,7.0,9.571428571428571,5.388006333041745,0.15654336390174411,2015,2020,cpiaucsl
16.0,13.0,13.5,14.0,4.0,3.0,6.0,14.0,4.0,8.5,14.0,18.5,4.0,3.0,9.678571428571429,5.347252775481813,0.15754847575360523,2015,2020,m2sl
14.0,14.0,,12.0,16.0,7.0,2.0,4.0,14.0,5.0,2.0,18.5,7.0,12.0,9.807692307692308,5.3404784485260866,0.1577168045153534,2015,2020,dgs3mo
7.5,4.0,,2.0,9.0,8.0,14.0,2.0,8.0,12.0,17.0,18.5,17.0,10.0,9.923076923076923,5.330774780771892,0.157958549250124,2015,2020,indpro
1.0,16.0,13.5,18.0,14.0,6.0,5.0,9.0,16.0,2.5,5.0,18.5,6.0,14.0,10.321428571428571,5.802115201917877,0.1470130937679572,2015,2020,unrate
2.5,3.0,13.5,3.0,11.0,16.0,18.0,13.0,11.0,17.0,4.0,18.5,1.0,15.0,10.464285714285714,6.197534895061923,0.13893645735376411,2015,2020,dgs10
17.0,17.0,13.5,15.0,10.0,1.0,4.0,12.0,10.0,8.5,9.0,18.5,8.0,6.0,10.678571428571429,4.966340787373188,0.16760691949014062,2015,2020,cpilfesl
7.5,9.0,13.5,11.0,6.0,12.0,9.0,16.0,7.0,13.0,16.0,18.5,2.0,9.0,10.678571428571429,4.328506600174603,0.18766984354814015,2015,2020,XLU_Close
7.5,2.0,13.5,6.0,18.0,18.0,15.0,5.0,18.0,16.0,10.0,3.5,15.0,18.0,11.821428571428571,5.740231276006291,0.14836286160680795,2015,2020,nfci
11.5,10.0,13.5,10.0,12.0,13.0,11.0,15.0,13.0,8.5,12.0,18.5,12.0,11.0,12.214285714285714,2.3506403817006194,0.2984504112889756,2015,2020,t10y3m
18.0,11.0,13.5,13.0,15.0,11.0,7.0,7.0,15.0,6.0,13.0,18.5,14.0,16.0,12.714285714285714,3.79244684355951,0.20866167797852225,2015,2020,t10y2y
11.5,5.0,13.5,4.0,17.0,15.0,17.0,8.0,17.0,18.0,18.0,18.5,18.0,17.0,14.107142857142858,4.844653059333157,0.1710965543802688,2015,2020,anfci
25.5,25.5,13.5,25.5,25.5,25.5,25.5,25.5,25.5,25.5,25.5,18.5,25.5,25.5,24.142857142857142,3.455991543829412,0.22441694293266432,2015,2020,iwm_iwm
25.5,25.5,13.5,25.5,25.5,25.5,25.5,25.5,25.5,25.5,25.5,18.5,25.5,25.5,24.142857142857142,3.455991543829412,0.22441694293266432,2015,2020,spy_spy
25.5,25.5,13.5,25.5,25.5,25.5,25.5,25.5,25.5,25.5,25.5,18.5,25.5,25.5,24.142857142857142,3.455991543829412,0.22441694293266432,2015,2020,uso_uso
25.5,25.5,13.5,25.5,25.5,25.5,25.5,25.5,25.5,25.5,25.5,18.5,25.5,25.5,24.142857142857142,3.455991543829412,0.22441694293266432,2015,2020,ief_ief
25.5,25.5,13.5,25.5,25.5,25.5,25.5,25.5,25.5,25.5,25.5,18.5,25.5,25.5,24.142857142857142,3.455991543829412,0.22441694293266432,2015,2020,tlt_tlt
25.5,25.5,13.5,25.5,25.5,25.5,25.5,25.5,25.5,25.5,25.5,18.5,25.5,25.5,24.142857142857142,3.455991543829412,0.22441694293266432,2015,2020,bnd_bnd
25.5,25.5,13.5,25.5,25.5,25.5,25.5,25.5,25.5,25.5,25.5,18.5,25.5,25.5,24.142857142857142,3.455991543829412,0.22441694293266432,2015,2020,hyg_hyg
25.5,25.5,13.5,25.5,25.5,25.5,25.5,25.5,25.5,25.5,25.5,18.5,25.5,25.5,24.142857142857142,3.455991543829412,0.22441694293266432,2015,2020,lqd_lqd
25.5,25.5,13.5,25.5,25.5,25.5,25.5,25.5,25.5,25.5,25.5,18.5,25.5,25.5,24.142857142857142,3.455991543829412,0.22441694293266432,2015,2020,xlu_xlu
25.5,25.5,13.5,25.5,25.5,25.5,25.5,25.5,25.5,25.5,25.5,18.5,25.5,25.5,24.142857142857142,3.455991543829412,0.22441694293266432,2015,2020,shy_shy
25.5,25.5,,25.5,25.5,25.5,25.5,25.5,25.5,25.5,25.5,18.5,25.5,25.5,24.96153846153846,1.8652854850741758,0.34900536271488225,2015,2020,gld_gld
25.5,25.5,,25.5,25.5,25.5,25.5,25.5,25.5,25.5,25.5,18.5,25.5,25.5,24.96153846153846,1.8652854850741758,0.34900536271488225,2015,2020,slv_slv
25.5,25.5,,25.5,25.5,25.5,25.5,25.5,25.5,25.5,25.5,18.5,25.5,25.5,24.96153846153846,1.8652854850741758,0.34900536271488225,2015,2020,qqq_qqq
25.5,25.5,,25.5,25.5,25.5,25.5,25.5,25.5,25.5,25.5,18.5,25.5,25.5,24.96153846153846,1.8652854850741758,0.34900536271488225,2015,2020,tip_tip
14.5,10.0,14.0,3.0,2.0,3.0,7.0,9.0,2.0,4.0,5.0,5.0,9.0,2.0,6.392857142857143,4.149778700762985,0.19418310147032944,2020,2025,payems
2.0,2.0,14.0,4.0,1.0,11.0,17.0,16.0,1.0,18.0,9.0,3.0,1.0,1.0,7.142857142857143,6.490180966628883,0.13350812276169496,2020,2025,walcl
16.0,3.0,14.0,18.0,3.0,5.0,12.0,14.0,3.0,10.0,18.0,1.0,4.0,3.0,8.857142857142858,6.09281946061032,0.14098765738412752,2020,2025,m2sl
1.0,14.0,14.0,1.0,4.0,14.0,15.0,15.0,4.0,14.0,16.0,5.0,10.0,4.0,9.357142857142858,5.601111405747241,0.15148964144573482,2020,2025,houst
8.0,13.0,14.0,2.0,5.0,9.0,14.0,11.0,5.0,17.0,17.0,10.0,5.0,5.0,9.642857142857142,4.684429266305599,0.17591915619875695,2020,2025,permit
18.0,5.0,,7.0,9.0,16.0,9.0,13.0,11.0,7.5,11.0,2.0,7.0,11.0,9.73076923076923,4.172323576098651,0.19333670550330764,2020,2025,unrate
7.0,8.0,14.0,10.0,13.0,8.0,10.0,3.0,13.0,13.0,1.0,21.5,6.0,15.0,10.178571428571429,5.0906326538384725,0.1641865561157714,2020,2025,t10y3m
11.0,16.0,14.0,12.0,11.0,2.0,4.0,7.0,10.0,4.0,6.0,21.5,17.0,8.0,10.25,5.367727638395972,0.15704189261648438,2020,2025,cpilfesl
3.5,11.0,14.0,11.0,15.0,13.0,5.0,2.0,12.0,9.0,3.0,21.5,12.0,12.0,10.285714285714286,5.184848412559859,0.16168545019943473,2020,2025,dgs3mo
17.0,17.0,14.0,14.0,10.0,1.0,2.0,6.0,8.0,4.0,8.0,21.5,16.0,7.0,10.392857142857142,6.03613692518583,0.142123442257143,2020,2025,cpiaucsl
14.5,12.0,14.0,17.0,6.0,4.0,6.0,8.0,6.0,6.0,15.0,21.5,11.0,6.0,10.5,5.0990195135927845,0.1639607805437114,2020,2025,ppiaco
3.5,18.0,14.0,13.0,14.0,6.0,3.0,5.0,15.0,1.0,7.0,21.5,13.0,14.0,10.571428571428571,6.005524667388541,0.14274448345819205,2020,2025,dgs10
13.0,7.0,14.0,6.0,8.0,18.0,11.0,18.0,9.0,11.0,13.0,5.0,8.0,10.0,10.785714285714286,3.9129559785149537,0.2035434480530948,2020,2025,indpro
5.5,6.0,14.0,9.0,7.0,17.0,13.0,17.0,7.0,7.5,12.0,9.0,18.0,9.0,10.785714285714286,4.1906114696778936,0.19265552928430907,2020,2025,XLU_Close
9.5,4.0,14.0,5.0,18.0,10.0,16.0,10.0,18.0,15.0,4.0,7.5,3.0,18.0,10.857142857142858,5.419635502466179,0.1557720838847997,2020,2025,nfci
9.5,1.0,14.0,8.0,17.0,15.0,18.0,12.0,17.0,16.0,2.0,7.5,2.0,17.0,11.142857142857142,5.935452117297779,0.14418670666125574,2020,2025,anfci
12.0,15.0,14.0,15.0,12.0,12.0,1.0,4.0,14.0,2.0,10.0,21.5,14.0,13.0,11.392857142857142,5.379121580666479,0.15676139533548783,2020,2025,dgs2
5.5,9.0,14.0,16.0,16.0,7.0,8.0,1.0,16.0,12.0,14.0,21.5,15.0,16.0,12.214285714285714,5.236255088031787,0.1603526452789166,2020,2025,t10y2y
25.5,25.5,14.0,25.5,25.5,25.5,25.5,25.5,25.5,25.5,25.5,21.5,25.5,25.5,24.392857142857142,3.0599869947702825,0.24630620770167783,2020,2025,uso_uso
25.5,25.5,14.0,25.5,25.5,25.5,25.5,25.5,25.5,25.5,25.5,21.5,25.5,25.5,24.392857142857142,3.0599869947702825,0.24630620770167783,2020,2025,qqq_qqq
25.5,25.5,14.0,25.5,25.5,25.5,25.5,25.5,25.5,25.5,25.5,21.5,25.5,25.5,24.392857142857142,3.0599869947702825,0.24630620770167783,2020,2025,bnd_bnd
25.5,25.5,14.0,25.5,25.5,25.5,25.5,25.5,25.5,25.5,25.5,21.5,25.5,25.5,24.392857142857142,3.0599869947702825,0.24630620770167783,2020,2025,ief_ief
25.5,25.5,14.0,25.5,25.5,25.5,25.5,25.5,25.5,25.5,25.5,21.5,25.5,25.5,24.392857142857142,3.0599869947702825,0.24630620770167783,2020,2025,tlt_tlt
25.5,25.5,14.0,25.5,25.5,25.5,25.5,25.5,25.5,25.5,25.5,21.5,25.5,25.5,24.392857142857142,3.0599869947702825,0.24630620770167783,2020,2025,slv_slv
25.5,25.5,14.0,25.5,25.5,25.5,25.5,25.5,25.5,25.5,25.5,21.5,25.5,25.5,24.392857142857142,3.0599869947702825,0.24630620770167783,2020,2025,hyg_hyg
25.5,25.5,14.0,25.5,25.5,25.5,25.5,25.5,25.5,25.5,25.5,21.5,25.5,25.5,24.392857142857142,3.0599869947702825,0.24630620770167783,2020,2025,lqd_lqd
25.5,25.5,14.0,25.5,25.5,25.5,25.5,25.5,25.5,25.5,25.5,21.5,25.5,25.5,24.392857142857142,3.0599869947702825,0.24630620770167783,2020,2025,xlu_xlu
25.5,25.5,14.0,25.5,25.5,25.5,25.5,25.5,25.5,25.5,25.5,21.5,25.5,25.5,24.392857142857142,3.0599869947702825,0.24630620770167783,2020,2025,shy_shy
25.5,25.5,,25.5,25.5,25.5,25.5,25.5,25.5,25.5,25.5,21.5,25.5,25.5,25.192307692307693,1.0658774200423862,0.4840558255288364,2020,2025,gld_gld
25.5,25.5,,25.5,25.5,25.5,25.5,25.5,25.5,25.5,25.5,21.5,25.5,25.5,25.192307692307693,1.0658774200423862,0.4840558255288364,2020,2025,iwm_iwm
25.5,25.5,,25.5,25.5,25.5,25.5,25.5,25.5,25.5,25.5,21.5,25.5,25.5,25.192307692307693,1.0658774200423862,0.4840558255288364,2020,2025,spy_spy
25.5,25.5,,25.5,25.5,25.5,25.5,25.5,25.5,25.5,25.5,21.5,25.5,25.5,25.192307692307693,1.0658774200423862,0.4840558255288364,2020,2025,tip_tip
