date,anfci
1971-01-08,0.51432
1971-01-15,0.58524
1971-01-22,0.67278
1971-01-29,0.76641
1971-02-05,0.85632
1971-02-12,0.93187
1971-02-19,0.98588
1971-02-26,1.01671
1971-03-05,1.02887
1971-03-12,1.03026
1971-03-19,1.03382
1971-03-26,1.05687
1971-04-02,1.11416
1971-04-09,1.21635
1971-04-16,1.36279
1971-04-23,1.54054
1971-04-30,1.72611
1971-05-07,1.88838
1971-05-14,1.99212
1971-05-21,2.01153
1971-05-28,1.93444
1971-06-04,1.76177
1971-06-11,1.50681
1971-06-18,1.20514
1971-06-25,0.89952
1971-07-02,0.63868
1971-07-09,0.47401
1971-07-16,0.44639
1971-07-23,0.5768
1971-07-30,0.86046
1971-08-06,1.26212
1971-08-13,1.72401
1971-08-20,2.17998
1971-08-27,2.56
1971-09-03,2.81969
1971-09-10,2.92961
1971-09-17,2.89238
1971-09-24,2.72607
1971-10-01,2.4682
1971-10-08,2.16191
1971-10-15,1.85612
1971-10-22,1.59338
1971-10-29,1.40719
1971-11-05,1.31512
1971-11-12,1.3162
1971-11-19,1.39644
1971-11-26,1.5264
1971-12-03,1.67507
1971-12-10,1.81016
1971-12-17,1.90239
1971-12-24,1.93175
1971-12-31,1.89375
1972-01-07,1.77909
1972-01-14,1.61371
1972-01-21,1.41295
1972-01-28,1.20252
1972-02-04,1.00692
1972-02-11,0.84162
1972-02-18,0.71476
1972-02-25,0.62896
1972-03-03,0.58088
1972-03-10,0.56385
1972-03-17,0.56739
1972-03-24,0.57864
1972-03-31,0.58295
1972-04-07,0.5674
1972-04-14,0.52564
1972-04-21,0.45367
1972-04-28,0.36015
1972-05-05,0.25596
1972-05-12,0.1576
1972-05-19,0.08129
1972-05-26,0.04239
1972-06-02,0.04889
1972-06-09,0.10377
1972-06-16,0.20057
1972-06-23,0.32693
1972-06-30,0.46437
1972-07-07,0.59185
1972-07-14,0.69039
1972-07-21,0.74377
1972-07-28,0.74081
1972-08-04,0.67773
1972-08-11,0.55961
1972-08-18,0.39906
1972-08-25,0.21462
1972-09-01,0.02902
1972-09-08,-0.13435
1972-09-15,-0.25967
1972-09-22,-0.33902
1972-09-29,-0.37309
1972-10-06,-0.37101
1972-10-13,-0.34644
1972-10-20,-0.31266
1972-10-27,-0.28302
1972-11-03,-0.26807
1972-11-10,-0.27377
1972-11-17,-0.30477
1972-11-24,-0.36071
1972-12-01,-0.43406
1972-12-08,-0.51374
1972-12-15,-0.58515
1972-12-22,-0.62985
1972-12-29,-0.63171
1973-01-05,-0.5788
1973-01-12,-0.46388
1973-01-19,-0.28811
1973-01-26,-0.05949
1973-02-02,0.20656
1973-02-09,0.48765
1973-02-16,0.75679
1973-02-23,0.99059
1973-03-02,1.16845
1973-03-09,1.28018
1973-03-16,1.32492
1973-03-23,1.31437
1973-03-30,1.26456
1973-04-06,1.19187
1973-04-13,1.11483
1973-04-20,1.04298
1973-04-27,0.98145
1973-05-04,0.92795
1973-05-11,0.87963
1973-05-18,0.83133
1973-05-25,0.78241
1973-06-01,0.73713
1973-06-08,0.70401
1973-06-15,0.69216
1973-06-22,0.70993
1973-06-29,0.76387
1973-07-06,0.85396
1973-07-13,0.98006
1973-07-20,1.13584
1973-07-27,1.31716
1973-08-03,1.5135
1973-08-10,1.71249
1973-08-17,1.89906
1973-08-24,2.05877
1973-08-31,2.17768
1973-09-07,2.24615
1973-09-14,2.26203
1973-09-21,2.22735
1973-09-28,2.14541
1973-10-05,2.01851
1973-10-12,1.86097
1973-10-19,1.68718
1973-10-26,1.5264
1973-11-02,1.40747
1973-11-09,1.35719
1973-11-16,1.38754
1973-11-23,1.48367
1973-11-30,1.61122
1973-12-07,1.72272
1973-12-14,1.77466
1973-12-21,1.73987
1973-12-28,1.6131
1974-01-04,1.40531
1974-01-11,1.14575
1974-01-18,0.85793
1974-01-25,0.56399
1974-02-01,0.28325
1974-02-08,0.03311
1974-02-15,-0.16832
1974-02-22,-0.30298
1974-03-01,-0.36011
1974-03-08,-0.33831
1974-03-15,-0.24579
1974-03-22,-0.09926
1974-03-29,0.08591
1974-04-05,0.30123
1974-04-12,0.54779
1974-04-19,0.82778
1974-04-26,1.14515
1974-05-03,1.49686
1974-05-10,1.87964
1974-05-17,2.28653
1974-05-24,2.71109
1974-05-31,3.15322
1974-06-07,3.60676
1974-06-14,4.05419
1974-06-21,4.46969
1974-06-28,4.81715
1974-07-05,5.06236
1974-07-12,5.18532
1974-07-19,5.18559
1974-07-26,5.08478
1974-08-02,4.91645
1974-08-09,4.7137
1974-08-16,4.51374
1974-08-23,4.33776
1974-08-30,4.20061
1974-09-06,4.09958
1974-09-13,4.02061
1974-09-20,3.93991
1974-09-27,3.82334
1974-10-04,3.64976
1974-10-11,3.4105
1974-10-18,3.12623
1974-10-25,2.83109
1974-11-01,2.56455
1974-11-08,2.36181
1974-11-15,2.23861
1974-11-22,2.18827
1974-11-29,2.1947
1974-12-06,2.22956
1974-12-13,2.26463
1974-12-20,2.27712
1974-12-27,2.24323
1975-01-03,2.15143
1975-01-10,1.99546
1975-01-17,1.78384
1975-01-24,1.53518
1975-01-31,1.27402
1975-02-07,1.02427
1975-02-14,0.80677
1975-02-21,0.62793
1975-02-28,0.48597
1975-03-07,0.37554
1975-03-14,0.28849
1975-03-21,0.21815
1975-03-28,0.1578
1975-04-04,0.10165
1975-04-11,0.04246
1975-04-18,-0.0262
1975-04-25,-0.10982
1975-05-02,-0.20529
1975-05-09,-0.30672
1975-05-16,-0.40257
1975-05-23,-0.4838
1975-05-30,-0.54014
1975-06-06,-0.56969
1975-06-13,-0.5761
1975-06-20,-0.56709
1975-06-27,-0.55039
1975-07-04,-0.53338
1975-07-11,-0.5226
1975-07-18,-0.52081
1975-07-25,-0.52718
1975-08-01,-0.53955
1975-08-08,-0.55409
1975-08-15,-0.56598
1975-08-22,-0.56937
1975-08-29,-0.55946
1975-09-05,-0.53552
1975-09-12,-0.49813
1975-09-19,-0.45125
1975-09-26,-0.40202
1975-10-03,-0.35573
1975-10-10,-0.31776
1975-10-17,-0.28908
1975-10-24,-0.26855
1975-10-31,-0.25481
1975-11-07,-0.24845
1975-11-14,-0.24986
1975-11-21,-0.26091
1975-11-28,-0.2841
1975-12-05,-0.32106
1975-12-12,-0.37154
1975-12-19,-0.43396
1975-12-26,-0.50745
1976-01-02,-0.58951
1976-01-09,-0.6763
1976-01-16,-0.76205
1976-01-23,-0.84145
1976-01-30,-0.90943
1976-02-06,-0.96234
1976-02-13,-0.99759
1976-02-20,-1.01868
1976-02-27,-1.02831
1976-03-05,-1.02947
1976-03-12,-1.02344
1976-03-19,-1.01104
1976-03-26,-0.99059
1976-04-02,-0.96053
1976-04-09,-0.91913
1976-04-16,-0.86612
1976-04-23,-0.80255
1976-04-30,-0.72919
1976-05-07,-0.64852
1976-05-14,-0.56611
1976-05-21,-0.48841
1976-05-28,-0.4228
1976-06-04,-0.37776
1976-06-11,-0.35884
1976-06-18,-0.36712
1976-06-25,-0.40167
1976-07-02,-0.4569
1976-07-09,-0.5261
1976-07-16,-0.60303
1976-07-23,-0.68228
1976-07-30,-0.75842
1976-08-06,-0.82886
1976-08-13,-0.89085
1976-08-20,-0.94314
1976-08-27,-0.98605
1976-09-03,-1.02132
1976-09-10,-1.05111
1976-09-17,-1.0783
1976-09-24,-1.10473
1976-10-01,-1.12941
1976-10-08,-1.15198
1976-10-15,-1.16907
1976-10-22,-1.17727
1976-10-29,-1.17364
1976-11-05,-1.1582
1976-11-12,-1.13156
1976-11-19,-1.0973
1976-11-26,-1.06189
1976-12-03,-1.03118
1976-12-10,-1.013
1976-12-17,-1.01069
1976-12-24,-1.02679
1976-12-31,-1.05972
1977-01-07,-1.1056
1977-01-14,-1.15655
1977-01-21,-1.20694
1977-01-28,-1.25108
1977-02-04,-1.28449
1977-02-11,-1.3046
1977-02-18,-1.31117
1977-02-25,-1.30459
1977-03-04,-1.28639
1977-03-11,-1.26076
1977-03-18,-1.23122
1977-03-25,-1.20178
1977-04-01,-1.17444
1977-04-08,-1.1498
1977-04-15,-1.12517
1977-04-22,-1.09937
1977-04-29,-1.0704
1977-05-06,-1.04013
1977-05-13,-1.01064
1977-05-20,-0.98644
1977-05-27,-0.96974
1977-06-03,-0.96293
1977-06-10,-0.96647
1977-06-17,-0.979
1977-06-24,-1.00008
1977-07-01,-1.02767
1977-07-08,-1.05865
1977-07-15,-1.08728
1977-07-22,-1.10854
1977-07-29,-1.11739
1977-08-05,-1.11227
1977-08-12,-1.09458
1977-08-19,-1.068
1977-08-26,-1.03724
1977-09-02,-1.00468
1977-09-09,-0.97055
1977-09-16,-0.93339
1977-09-23,-0.89288
1977-09-30,-0.84856
1977-10-07,-0.80301
1977-10-14,-0.75816
1977-10-21,-0.71534
1977-10-28,-0.67496
1977-11-04,-0.63575
1977-11-11,-0.5973
1977-11-18,-0.5608
1977-11-25,-0.52929
1977-12-02,-0.50622
1977-12-09,-0.49543
1977-12-16,-0.49788
1977-12-23,-0.51302
1977-12-30,-0.53699
1978-01-06,-0.56669
1978-01-13,-0.59797
1978-01-20,-0.62692
1978-01-27,-0.6504
1978-02-03,-0.66478
1978-02-10,-0.6665
1978-02-17,-0.65282
1978-02-24,-0.62358
1978-03-03,-0.5815
1978-03-10,-0.5313
1978-03-17,-0.47781
1978-03-24,-0.42431
1978-03-31,-0.37235
1978-04-07,-0.32118
1978-04-14,-0.26925
1978-04-21,-0.21682
1978-04-28,-0.16505
1978-05-05,-0.11618
1978-05-12,-0.0709
1978-05-19,-0.03007
1978-05-26,0.00711
1978-06-02,0.0417
1978-06-09,0.07212
1978-06-16,0.09798
1978-06-23,0.11633
1978-06-30,0.12565
1978-07-07,0.12493
1978-07-14,0.11266
1978-07-21,0.08729
1978-07-28,0.04742
1978-08-04,-0.00784
1978-08-11,-0.07457
1978-08-18,-0.14182
1978-08-25,-0.19431
1978-09-01,-0.21555
1978-09-08,-0.18802
1978-09-15,-0.10105
1978-09-22,0.04744
1978-09-29,0.25493
1978-10-06,0.50831
1978-10-13,0.7921
1978-10-20,1.08477
1978-10-27,1.36344
1978-11-03,1.59977
1978-11-10,1.77653
1978-11-17,1.87967
1978-11-24,1.9014
1978-12-01,1.85485
1978-12-08,1.75347
1978-12-15,1.61409
1978-12-22,1.45276
1978-12-29,1.27874
1979-01-05,1.09698
1979-01-12,0.91263
1979-01-19,0.73067
1979-01-26,0.559
1979-02-02,0.40462
1979-02-09,0.27175
1979-02-16,0.15745
1979-02-23,0.05613
1979-03-02,-0.03738
1979-03-09,-0.12858
1979-03-16,-0.21476
1979-03-23,-0.29076
1979-03-30,-0.34984
1979-04-06,-0.38957
1979-04-13,-0.41191
1979-04-20,-0.42201
1979-04-27,-0.42496
1979-05-04,-0.42194
1979-05-11,-0.40895
1979-05-18,-0.37965
1979-05-25,-0.33006
1979-06-01,-0.26249
1979-06-08,-0.18647
1979-06-15,-0.11284
1979-06-22,-0.05082
1979-06-29,-0.00101
1979-07-06,0.04049
1979-07-13,0.08352
1979-07-20,0.13613
1979-07-27,0.1999
1979-08-03,0.27392
1979-08-10,0.35639
1979-08-17,0.45038
1979-08-24,0.56104
1979-08-31,0.6946
1979-09-07,0.85219
1979-09-14,1.02885
1979-09-21,1.21163
1979-09-28,1.38562
1979-10-05,1.54129
1979-10-12,1.67405
1979-10-19,1.7825
1979-10-26,1.86423
1979-11-02,1.91515
1979-11-09,1.9214
1979-11-16,1.87879
1979-11-23,1.78684
1979-11-30,1.65993
1979-12-07,1.51695
1979-12-14,1.37666
1979-12-21,1.25292
1979-12-28,1.14114
1980-01-04,1.03531
1980-01-11,0.93499
1980-01-18,0.8455
1980-01-25,0.78913
1980-02-01,0.79593
1980-02-08,0.88663
1980-02-15,1.07183
1980-02-22,1.34608
1980-02-29,1.689
1980-03-07,2.0692
1980-03-14,2.46658
1980-03-21,2.84955
1980-03-28,3.18414
1980-04-04,3.44849
1980-04-11,3.6021
1980-04-18,3.62478
1980-04-25,3.51685
1980-05-02,3.29832
1980-05-09,3.00929
1980-05-16,2.70271
1980-05-23,2.41094
1980-05-30,2.14284
1980-06-06,1.89801
1980-06-13,1.65683
1980-06-20,1.40482
1980-06-27,1.15407
1980-07-04,0.92949
1980-07-11,0.74788
1980-07-18,0.63407
1980-07-25,0.57985
1980-08-01,0.5721
1980-08-08,0.59741
1980-08-15,0.63914
1980-08-22,0.68687
1980-08-29,0.74853
1980-09-05,0.81796
1980-09-12,0.87443
1980-09-19,0.91679
1980-09-26,0.93584
1980-10-03,0.9376
1980-10-10,0.93886
1980-10-17,0.97686
1980-10-24,1.06239
1980-10-31,1.21335
1980-11-07,1.42157
1980-11-14,1.66369
1980-11-21,1.92862
1980-11-28,2.20095
1980-12-05,2.44639
1980-12-12,2.64762
1980-12-19,2.79532
1980-12-26,2.83728
1981-01-02,2.77867
1981-01-09,2.61638
1981-01-16,2.37942
1981-01-23,2.10333
1981-01-30,1.83433
1981-02-06,1.59228
1981-02-13,1.39829
1981-02-20,1.24955
1981-02-27,1.12112
1981-03-06,1.02059
1981-03-13,0.94969
1981-03-20,0.91615
1981-03-27,0.92872
1981-04-03,0.98839
1981-04-10,1.07175
1981-04-17,1.17146
1981-04-24,1.26152
1981-05-01,1.34965
1981-05-08,1.45727
1981-05-15,1.60072
1981-05-22,1.78785
1981-05-29,2.02716
1981-06-05,2.28847
1981-06-12,2.55676
1981-06-19,2.80857
1981-06-26,3.03446
1981-07-03,3.23114
1981-07-10,3.39351
1981-07-17,3.51291
1981-07-24,3.56905
1981-07-31,3.56462
1981-08-07,3.49641
1981-08-14,3.38981
1981-08-21,3.27636
1981-08-28,3.18295
1981-09-04,3.1136
1981-09-11,3.06803
1981-09-18,3.02082
1981-09-25,2.96273
1981-10-02,2.90422
1981-10-09,2.84662
1981-10-16,2.81068
1981-10-23,2.79381
1981-10-30,2.77845
1981-11-06,2.73869
1981-11-13,2.66528
1981-11-20,2.55903
1981-11-27,2.44628
1981-12-04,2.35721
1981-12-11,2.30194
1981-12-18,2.27319
1981-12-25,2.25486
1982-01-01,2.21826
1982-01-08,2.15751
1982-01-15,2.09169
1982-01-22,2.04085
1982-01-29,2.03432
1982-02-05,2.06874
1982-02-12,2.13446
1982-02-19,2.20404
1982-02-26,2.25426
1982-03-05,2.27024
1982-03-12,2.26086
1982-03-19,2.24754
1982-03-26,2.24125
1982-04-02,2.24489
1982-04-09,2.2634
1982-04-16,2.28993
1982-04-23,2.32419
1982-04-30,2.3797
1982-05-07,2.47242
1982-05-14,2.61327
1982-05-21,2.8042
1982-05-28,3.02165
1982-06-04,3.23539
1982-06-11,3.41957
1982-06-18,3.54335
1982-06-25,3.5941
1982-07-02,3.57875
1982-07-09,3.51532
1982-07-16,3.42354
1982-07-23,3.33731
1982-07-30,3.28166
1982-08-06,3.28292
1982-08-13,3.35857
1982-08-20,3.5078
1982-08-27,3.71935
1982-09-03,3.95681
1982-09-10,4.16546
1982-09-17,4.28804
1982-09-24,4.27305
1982-10-01,4.0981
1982-10-08,3.77304
1982-10-15,3.33871
1982-10-22,2.85618
1982-10-29,2.38324
1982-11-05,1.96774
1982-11-12,1.63559
1982-11-19,1.39587
1982-11-26,1.24331
1982-12-03,1.15834
1982-12-10,1.11614
1982-12-17,1.09219
1982-12-24,1.05731
1982-12-31,0.996
1983-01-07,0.9035
1983-01-14,0.78934
1983-01-21,0.66774
1983-01-28,0.55652
1983-02-04,0.46617
1983-02-11,0.3975
1983-02-18,0.35055
1983-02-25,0.32074
1983-03-04,0.30296
1983-03-11,0.30096
1983-03-18,0.31283
1983-03-25,0.32845
1983-04-01,0.33894
1983-04-08,0.32991
1983-04-15,0.29183
1983-04-22,0.2257
1983-04-29,0.14135
1983-05-06,0.05367
1983-05-13,-0.02234
1983-05-20,-0.07883
1983-05-27,-0.11908
1983-06-03,-0.14371
1983-06-10,-0.1567
1983-06-17,-0.16032
1983-06-24,-0.15126
1983-07-01,-0.12699
1983-07-08,-0.09444
1983-07-15,-0.0604
1983-07-22,-0.03605
1983-07-29,-0.02845
1983-08-05,-0.03833
1983-08-12,-0.0614
1983-08-19,-0.09296
1983-08-26,-0.12719
1983-09-02,-0.1644
1983-09-09,-0.20712
1983-09-16,-0.25393
1983-09-23,-0.29746
1983-09-30,-0.33039
1983-10-07,-0.34332
1983-10-14,-0.33138
1983-10-21,-0.29744
1983-10-28,-0.25374
1983-11-04,-0.20433
1983-11-11,-0.15696
1983-11-18,-0.10776
1983-11-25,-0.05317
1983-12-02,0.00592
1983-12-09,0.06514
1983-12-16,0.11293
1983-12-23,0.13602
1983-12-30,0.12706
1984-01-06,0.09144
1984-01-13,0.03592
1984-01-20,-0.0291
1984-01-27,-0.09275
1984-02-03,-0.15117
1984-02-10,-0.20287
1984-02-17,-0.24391
1984-02-24,-0.27184
1984-03-02,-0.28064
1984-03-09,-0.26698
1984-03-16,-0.23278
1984-03-23,-0.18298
1984-03-30,-0.12135
1984-04-06,-0.04997
1984-04-13,0.03351
1984-04-20,0.13602
1984-04-27,0.2615
1984-05-04,0.4052
1984-05-11,0.55857
1984-05-18,0.70852
1984-05-25,0.84566
1984-06-01,0.96879
1984-06-08,1.07661
1984-06-15,1.17131
1984-06-22,1.2465
1984-06-29,1.28901
1984-07-06,1.28394
1984-07-13,1.22516
1984-07-20,1.12121
1984-07-27,0.98872
1984-08-03,0.85281
1984-08-10,0.73371
1984-08-17,0.64244
1984-08-24,0.57589
1984-08-31,0.52555
1984-09-07,0.48326
1984-09-14,0.44076
1984-09-21,0.39349
1984-09-28,0.34245
1984-10-05,0.28996
1984-10-12,0.23455
1984-10-19,0.17584
1984-10-26,0.11502
1984-11-02,0.05381
1984-11-09,-0.00582
1984-11-16,-0.06054
1984-11-23,-0.10675
1984-11-30,-0.14566
1984-12-07,-0.1783
1984-12-14,-0.21189
1984-12-21,-0.25053
1984-12-28,-0.29404
1985-01-04,-0.34221
1985-01-11,-0.38797
1985-01-18,-0.42218
1985-01-25,-0.44054
1985-02-01,-0.44103
1985-02-08,-0.42531
1985-02-15,-0.39915
1985-02-22,-0.36777
1985-03-01,-0.3345
1985-03-08,-0.30327
1985-03-15,-0.27757
1985-03-22,-0.26002
1985-03-29,-0.25573
1985-04-05,-0.2703
1985-04-12,-0.30352
1985-04-19,-0.35362
1985-04-26,-0.41404
1985-05-03,-0.47505
1985-05-10,-0.53045
1985-05-17,-0.57018
1985-05-24,-0.59148
1985-05-31,-0.59223
1985-06-07,-0.57115
1985-06-14,-0.53038
1985-06-21,-0.47497
1985-06-28,-0.41021
1985-07-05,-0.34313
1985-07-12,-0.2795
1985-07-19,-0.22022
1985-07-26,-0.16452
1985-08-02,-0.11078
1985-08-09,-0.0564
1985-08-16,-0.00265
1985-08-23,0.04684
1985-08-30,0.08776
1985-09-06,0.11557
1985-09-13,0.12736
1985-09-20,0.12103
1985-09-27,0.09813
1985-10-04,0.05876
1985-10-11,0.00689
1985-10-18,-0.05236
1985-10-25,-0.11118
1985-11-01,-0.15926
1985-11-08,-0.18779
1985-11-15,-0.19168
1985-11-22,-0.17016
1985-11-29,-0.13092
1985-12-06,-0.08464
1985-12-13,-0.04198
1985-12-20,-0.01179
1985-12-27,0.00512
1986-01-03,0.00615
1986-01-10,-0.00589
1986-01-17,-0.02914
1986-01-24,-0.06243
1986-01-31,-0.10442
1986-02-07,-0.1483
1986-02-14,-0.18494
1986-02-21,-0.20698
1986-02-28,-0.20956
1986-03-07,-0.19396
1986-03-14,-0.16904
1986-03-21,-0.14525
1986-03-28,-0.13256
1986-04-04,-0.13697
1986-04-11,-0.15355
1986-04-18,-0.17415
1986-04-25,-0.19075
1986-05-02,-0.19349
1986-05-09,-0.17759
1986-05-16,-0.14372
1986-05-23,-0.09267
1986-05-30,-0.02807
1986-06-06,0.04442
1986-06-13,0.11856
1986-06-20,0.18431
1986-06-27,0.23035
1986-07-04,0.24878
1986-07-11,0.2354
1986-07-18,0.18808
1986-07-25,0.11285
1986-08-01,0.021
1986-08-08,-0.07397
1986-08-15,-0.15764
1986-08-22,-0.21593
1986-08-29,-0.24104
1986-09-05,-0.23271
1986-09-12,-0.19626
1986-09-19,-0.14818
1986-09-26,-0.10028
1986-10-03,-0.06294
1986-10-10,-0.04392
1986-10-17,-0.0431
1986-10-24,-0.05543
1986-10-31,-0.07806
1986-11-07,-0.10724
1986-11-14,-0.1384
1986-11-21,-0.1652
1986-11-28,-0.18228
1986-12-05,-0.18504
1986-12-12,-0.17409
1986-12-19,-0.15248
1986-12-26,-0.12771
1987-01-02,-0.11201
1987-01-09,-0.10691
1987-01-16,-0.11147
1987-01-23,-0.12075
1987-01-30,-0.13004
1987-02-06,-0.13594
1987-02-13,-0.13968
1987-02-20,-0.14135
1987-02-27,-0.14277
1987-03-06,-0.13726
1987-03-13,-0.11153
1987-03-20,-0.0548
1987-03-27,0.03761
1987-04-03,0.16576
1987-04-10,0.32198
1987-04-17,0.49706
1987-04-24,0.67835
1987-05-01,0.8521
1987-05-08,1.01079
1987-05-15,1.13459
1987-05-22,1.21452
1987-05-29,1.23395
1987-06-05,1.19935
1987-06-12,1.12373
1987-06-19,1.02147
1987-06-26,0.91266
1987-07-03,0.80684
1987-07-10,0.70294
1987-07-17,0.59328
1987-07-24,0.47732
1987-07-31,0.36605
1987-08-07,0.27895
1987-08-14,0.23078
1987-08-21,0.23916
1987-08-28,0.30145
1987-09-04,0.41245
1987-09-11,0.55655
1987-09-18,0.73083
1987-09-25,0.93169
1987-10-02,1.15555
1987-10-09,1.37881
1987-10-16,1.57367
1987-10-23,1.71395
1987-10-30,1.77709
1987-11-06,1.76443
1987-11-13,1.70816
1987-11-20,1.63975
1987-11-27,1.57824
1987-12-04,1.53189
1987-12-11,1.47947
1987-12-18,1.41162
1987-12-25,1.3134
1988-01-01,1.18931
1988-01-08,1.05381
1988-01-15,0.92519
1988-01-22,0.8064
1988-01-29,0.69811
1988-02-05,0.59599
1988-02-12,0.49871
1988-02-19,0.41273
1988-02-26,0.34644
1988-03-04,0.30968
1988-03-11,0.30592
1988-03-18,0.33134
1988-03-25,0.3717
1988-04-01,0.42037
1988-04-08,0.46955
1988-04-15,0.51384
1988-04-22,0.55393
1988-04-29,0.58531
1988-05-06,0.60572
1988-05-13,0.61318
1988-05-20,0.60785
1988-05-27,0.59511
1988-06-03,0.58612
1988-06-10,0.58723
1988-06-17,0.60279
1988-06-24,0.63162
1988-07-01,0.66804
1988-07-08,0.70289
1988-07-15,0.73362
1988-07-22,0.75811
1988-07-29,0.77358
1988-08-05,0.77898
1988-08-12,0.76837
1988-08-19,0.73642
1988-08-26,0.68114
1988-09-02,0.61006
1988-09-09,0.53302
1988-09-16,0.46567
1988-09-23,0.41588
1988-09-30,0.38356
1988-10-07,0.36171
1988-10-14,0.34134
1988-10-21,0.31703
1988-10-28,0.29039
1988-11-04,0.267
1988-11-11,0.25325
1988-11-18,0.24943
1988-11-25,0.25233
1988-12-02,0.254
1988-12-09,0.24942
1988-12-16,0.23795
1988-12-23,0.22475
1988-12-30,0.21421
1989-01-06,0.21141
1989-01-13,0.21684
1989-01-20,0.22985
1989-01-27,0.25287
1989-02-03,0.2922
1989-02-10,0.35521
1989-02-17,0.44793
1989-02-24,0.56671
1989-03-03,0.70257
1989-03-10,0.83531
1989-03-17,0.94849
1989-03-24,1.02688
1989-03-31,1.06342
1989-04-07,1.06043
1989-04-14,1.0224
1989-04-21,0.95196
1989-04-28,0.85796
1989-05-05,0.74339
1989-05-12,0.61976
1989-05-19,0.49996
1989-05-26,0.40202
1989-06-02,0.33822
1989-06-09,0.3115
1989-06-16,0.31255
1989-06-23,0.32271
1989-06-30,0.32082
1989-07-07,0.29611
1989-07-14,0.24505
1989-07-21,0.18253
1989-07-28,0.12733
1989-08-04,0.09378
1989-08-11,0.09464
1989-08-18,0.12873
1989-08-25,0.18925
1989-09-01,0.26812
1989-09-08,0.35582
1989-09-15,0.4434
1989-09-22,0.52003
1989-09-29,0.57701
1989-10-06,0.60262
1989-10-13,0.58854
1989-10-20,0.5368
1989-10-27,0.45504
1989-11-03,0.35725
1989-11-10,0.26083
1989-11-17,0.17478
1989-11-24,0.1055
1989-12-01,0.05258
1989-12-08,0.01277
1989-12-15,-0.01464
1989-12-22,-0.02974
1989-12-29,-0.03441
1990-01-05,-0.02905
1990-01-12,-0.02132
1990-01-19,-0.02027
1990-01-26,-0.02999
1990-02-02,-0.05446
1990-02-09,-0.08915
1990-02-16,-0.12555
1990-02-23,-0.15591
1990-03-02,-0.17486
1990-03-09,-0.18168
1990-03-16,-0.17571
1990-03-23,-0.16065
1990-03-30,-0.13627
1990-04-06,-0.10272
1990-04-13,-0.06491
1990-04-20,-0.02733
1990-04-27,0.00012
1990-05-04,0.00796
1990-05-11,-0.00739
1990-05-18,-0.04192
1990-05-25,-0.08627
1990-06-01,-0.12906
1990-06-08,-0.16018
1990-06-15,-0.17835
1990-06-22,-0.18683
1990-06-29,-0.18795
1990-07-06,-0.1837
1990-07-13,-0.17318
1990-07-20,-0.15125
1990-07-27,-0.11661
1990-08-03,-0.0727
1990-08-10,-0.02496
1990-08-17,0.01908
1990-08-24,0.05939
1990-08-31,0.09934
1990-09-07,0.14648
1990-09-14,0.20307
1990-09-21,0.26579
1990-09-28,0.32602
1990-10-05,0.36503
1990-10-12,0.37801
1990-10-19,0.36783
1990-10-26,0.3416
1990-11-02,0.31471
1990-11-09,0.29804
1990-11-16,0.29473
1990-11-23,0.30454
1990-11-30,0.32722
1990-12-07,0.35758
1990-12-14,0.39787
1990-12-21,0.44913
1990-12-28,0.49792
1991-01-04,0.5273
1991-01-11,0.52973
1991-01-18,0.49216
1991-01-25,0.41375
1991-02-01,0.31806
1991-02-08,0.22096
1991-02-15,0.1389
1991-02-22,0.07884
1991-03-01,0.03656
1991-03-08,0.00112
1991-03-15,-0.03419
1991-03-22,-0.0716
1991-03-29,-0.10752
1991-04-05,-0.13453
1991-04-12,-0.15054
1991-04-19,-0.15837
1991-04-26,-0.16028
1991-05-03,-0.16151
1991-05-10,-0.1645
1991-05-17,-0.16532
1991-05-24,-0.16209
1991-05-31,-0.15576
1991-06-07,-0.15197
1991-06-14,-0.15855
1991-06-21,-0.18546
1991-06-28,-0.23473
1991-07-05,-0.30562
1991-07-12,-0.38646
1991-07-19,-0.46729
1991-07-26,-0.53717
1991-08-02,-0.59107
1991-08-09,-0.62941
1991-08-16,-0.6537
1991-08-23,-0.66938
1991-08-30,-0.67984
1991-09-06,-0.68341
1991-09-13,-0.68401
1991-09-20,-0.68086
1991-09-27,-0.67565
1991-10-04,-0.67265
1991-10-11,-0.67571
1991-10-18,-0.68399
1991-10-25,-0.69571
1991-11-01,-0.70728
1991-11-08,-0.71475
1991-11-15,-0.71746
1991-11-22,-0.71831
1991-11-29,-0.72212
1991-12-06,-0.73311
1991-12-13,-0.75185
1991-12-20,-0.76987
1991-12-27,-0.78436
1992-01-03,-0.789
1992-01-10,-0.7834
1992-01-17,-0.7712
1992-01-24,-0.76048
1992-01-31,-0.75608
1992-02-07,-0.75734
1992-02-14,-0.7611
1992-02-21,-0.76219
1992-02-28,-0.75929
1992-03-06,-0.75383
1992-03-13,-0.74904
1992-03-20,-0.75145
1992-03-27,-0.76352
1992-04-03,-0.78249
1992-04-10,-0.80581
1992-04-17,-0.8296
1992-04-24,-0.85292
1992-05-01,-0.87577
1992-05-08,-0.89866
1992-05-15,-0.92147
1992-05-22,-0.94405
1992-05-29,-0.96318
1992-06-05,-0.97858
1992-06-12,-0.99261
1992-06-19,-1.00709
1992-06-26,-1.02322
1992-07-03,-1.04029
1992-07-10,-1.05425
1992-07-17,-1.06209
1992-07-24,-1.05973
1992-07-31,-1.0479
1992-08-07,-1.03067
1992-08-14,-1.0135
1992-08-21,-0.99924
1992-08-28,-0.9873
1992-09-04,-0.9744
1992-09-11,-0.95696
1992-09-18,-0.92989
1992-09-25,-0.89448
1992-10-02,-0.85494
1992-10-09,-0.81746
1992-10-16,-0.78437
1992-10-23,-0.75772
1992-10-30,-0.73852
1992-11-06,-0.72902
1992-11-13,-0.73042
1992-11-20,-0.74854
1992-11-27,-0.7865
1992-12-04,-0.84366
1992-12-11,-0.91136
1992-12-18,-0.97768
1992-12-25,-1.034
1993-01-01,-1.0737
1993-01-08,-1.09571
1993-01-15,-1.10652
1993-01-22,-1.11114
1993-01-29,-1.1123
1993-02-05,-1.11272
1993-02-12,-1.11125
1993-02-19,-1.10756
1993-02-26,-1.10456
1993-03-05,-1.10256
1993-03-12,-1.10286
1993-03-19,-1.10514
1993-03-26,-1.10736
1993-04-02,-1.10739
1993-04-09,-1.10629
1993-04-16,-1.10384
1993-04-23,-1.10263
1993-04-30,-1.10583
1993-05-07,-1.10929
1993-05-14,-1.11159
1993-05-21,-1.11319
1993-05-28,-1.1133
1993-06-04,-1.1146
1993-06-11,-1.12169
1993-06-18,-1.13614
1993-06-25,-1.15666
1993-07-02,-1.17922
1993-07-09,-1.1994
1993-07-16,-1.21282
1993-07-23,-1.21996
1993-07-30,-1.22085
1993-08-06,-1.21919
1993-08-13,-1.21763
1993-08-20,-1.21536
1993-08-27,-1.2098
1993-09-03,-1.19945
1993-09-10,-1.18258
1993-09-17,-1.15927
1993-09-24,-1.13266
1993-10-01,-1.1049
1993-10-08,-1.07755
1993-10-15,-1.05014
1993-10-22,-1.02139
1993-10-29,-0.99152
1993-11-05,-0.9636
1993-11-12,-0.94246
1993-11-19,-0.9315
1993-11-26,-0.93403
1993-12-03,-0.94852
1993-12-10,-0.96995
1993-12-17,-0.99283
1993-12-24,-1.01168
1993-12-31,-1.02301
1994-01-07,-1.02629
1994-01-14,-1.02336
1994-01-21,-1.01303
1994-01-28,-0.99794
1994-02-04,-0.9758
1994-02-11,-0.94546
1994-02-18,-0.90697
1994-02-25,-0.86178
1994-03-04,-0.81116
1994-03-11,-0.76105
1994-03-18,-0.71613
1994-03-25,-0.67904
1994-04-01,-0.65148
1994-04-08,-0.63342
1994-04-15,-0.62166
1994-04-22,-0.61435
1994-04-29,-0.6139
1994-05-06,-0.61741
1994-05-13,-0.62791
1994-05-20,-0.64461
1994-05-27,-0.6617
1994-06-03,-0.67223
1994-06-10,-0.67526
1994-06-17,-0.66768
1994-06-24,-0.65638
1994-07-01,-0.64704
1994-07-08,-0.64893
1994-07-15,-0.66364
1994-07-22,-0.68972
1994-07-29,-0.72154
1994-08-05,-0.75263
1994-08-12,-0.77877
1994-08-19,-0.7951
1994-08-26,-0.79763
1994-09-02,-0.78464
1994-09-09,-0.75443
1994-09-16,-0.70792
1994-09-23,-0.65164
1994-09-30,-0.59242
1994-10-07,-0.54034
1994-10-14,-0.50047
1994-10-21,-0.47359
1994-10-28,-0.45467
1994-11-04,-0.43712
1994-11-11,-0.41376
1994-11-18,-0.37927
1994-11-25,-0.33301
1994-12-02,-0.28001
1994-12-09,-0.224
1994-12-16,-0.17659
1994-12-23,-0.14356
1994-12-30,-0.13281
1995-01-06,-0.14767
1995-01-13,-0.18746
1995-01-20,-0.24677
1995-01-27,-0.31696
1995-02-03,-0.38863
1995-02-10,-0.45054
1995-02-17,-0.49587
1995-02-24,-0.52317
1995-03-03,-0.53311
1995-03-10,-0.53049
1995-03-17,-0.52279
1995-03-24,-0.51362
1995-03-31,-0.50823
1995-04-07,-0.50867
1995-04-14,-0.51672
1995-04-21,-0.53472
1995-04-28,-0.56199
1995-05-05,-0.59517
1995-05-12,-0.63038
1995-05-19,-0.65903
1995-05-26,-0.67547
1995-06-02,-0.67574
1995-06-09,-0.6637
1995-06-16,-0.64313
1995-06-23,-0.62439
1995-06-30,-0.61219
1995-07-07,-0.60916
1995-07-14,-0.61624
1995-07-21,-0.62852
1995-07-28,-0.64255
1995-08-04,-0.65766
1995-08-11,-0.67243
1995-08-18,-0.6852
1995-08-25,-0.69483
1995-09-01,-0.69758
1995-09-08,-0.69286
1995-09-15,-0.68026
1995-09-22,-0.66208
1995-09-29,-0.6431
1995-10-06,-0.63134
1995-10-13,-0.62844
1995-10-20,-0.63579
1995-10-27,-0.65167
1995-11-03,-0.67389
1995-11-10,-0.6977
1995-11-17,-0.71811
1995-11-24,-0.73358
1995-12-01,-0.74208
1995-12-08,-0.74367
1995-12-15,-0.73793
1995-12-22,-0.7297
1995-12-29,-0.72542
1996-01-05,-0.73179
1996-01-12,-0.75002
1996-01-19,-0.7811
1996-01-26,-0.82038
1996-02-02,-0.85835
1996-02-09,-0.88402
1996-02-16,-0.89329
1996-02-23,-0.88449
1996-03-01,-0.85968
1996-03-08,-0.82667
1996-03-15,-0.78881
1996-03-22,-0.75221
1996-03-29,-0.71741
1996-04-05,-0.68649
1996-04-12,-0.66092
1996-04-19,-0.64595
1996-04-26,-0.64415
1996-05-03,-0.65284
1996-05-10,-0.66927
1996-05-17,-0.68625
1996-05-24,-0.6961
1996-05-31,-0.69505
1996-06-07,-0.6835
1996-06-14,-0.66554
1996-06-21,-0.64639
1996-06-28,-0.63143
1996-07-05,-0.62175
1996-07-12,-0.61906
1996-07-19,-0.62316
1996-07-26,-0.63191
1996-08-02,-0.64208
1996-08-09,-0.65378
1996-08-16,-0.6616
1996-08-23,-0.66355
1996-08-30,-0.65943
1996-09-06,-0.65075
1996-09-13,-0.64219
1996-09-20,-0.639
1996-09-27,-0.64586
1996-10-04,-0.66759
1996-10-11,-0.70437
1996-10-18,-0.75277
1996-10-25,-0.80748
1996-11-01,-0.86107
1996-11-08,-0.90477
1996-11-15,-0.9293
1996-11-22,-0.93423
1996-11-29,-0.92057
1996-12-06,-0.89413
1996-12-13,-0.86291
1996-12-20,-0.83451
1996-12-27,-0.81238
1997-01-03,-0.79807
1997-01-10,-0.78879
1997-01-17,-0.78731
1997-01-24,-0.79197
1997-01-31,-0.80182
1997-02-07,-0.81399
1997-02-14,-0.8262
1997-02-21,-0.83123
1997-02-28,-0.82604
1997-03-07,-0.80883
1997-03-14,-0.7816
1997-03-21,-0.74903
1997-03-28,-0.71515
1997-04-04,-0.68262
1997-04-11,-0.65378
1997-04-18,-0.62862
1997-04-25,-0.60561
1997-05-02,-0.58624
1997-05-09,-0.56895
1997-05-16,-0.5552
1997-05-23,-0.54445
1997-05-30,-0.53577
1997-06-06,-0.53002
1997-06-13,-0.52754
1997-06-20,-0.52891
1997-06-27,-0.53485
1997-07-04,-0.54637
1997-07-11,-0.56088
1997-07-18,-0.57662
1997-07-25,-0.59004
1997-08-01,-0.59793
1997-08-08,-0.5992
1997-08-15,-0.59458
1997-08-22,-0.5856
1997-08-29,-0.57401
1997-09-05,-0.56125
1997-09-12,-0.54575
1997-09-19,-0.52682
1997-09-26,-0.50325
1997-10-03,-0.47769
1997-10-10,-0.45192
1997-10-17,-0.43036
1997-10-24,-0.41547
1997-10-31,-0.40917
1997-11-07,-0.41288
1997-11-14,-0.42133
1997-11-21,-0.43593
1997-11-28,-0.45484
1997-12-05,-0.47726
1997-12-12,-0.49858
1997-12-19,-0.5192
1997-12-26,-0.53587
1998-01-02,-0.5474
1998-01-09,-0.55353
1998-01-16,-0.56163
1998-01-23,-0.57278
1998-01-30,-0.59025
1998-02-06,-0.61023
1998-02-13,-0.6258
1998-02-20,-0.63213
1998-02-27,-0.62553
1998-03-06,-0.60631
1998-03-13,-0.58423
1998-03-20,-0.56765
1998-03-27,-0.55806
1998-04-03,-0.55521
1998-04-10,-0.55379
1998-04-17,-0.54748
1998-04-24,-0.53316
1998-05-01,-0.51433
1998-05-08,-0.49686
1998-05-15,-0.48606
1998-05-22,-0.48208
1998-05-29,-0.47786
1998-06-05,-0.47037
1998-06-12,-0.45455
1998-06-19,-0.43397
1998-06-26,-0.41518
1998-07-03,-0.40724
1998-07-10,-0.41239
1998-07-17,-0.42405
1998-07-24,-0.42965
1998-07-31,-0.41797
1998-08-07,-0.38268
1998-08-14,-0.32624
1998-08-21,-0.25867
1998-08-28,-0.18806
1998-09-04,-0.11958
1998-09-11,-0.04922
1998-09-18,0.02887
1998-09-25,0.11349
1998-10-02,0.19422
1998-10-09,0.25406
1998-10-16,0.27595
1998-10-23,0.25205
1998-10-30,0.19347
1998-11-06,0.11858
1998-11-13,0.05532
1998-11-20,0.00909
1998-11-27,-0.01623
1998-12-04,-0.03066
1998-12-11,-0.04655
1998-12-18,-0.07012
1998-12-25,-0.09806
1999-01-01,-0.12192
1999-01-08,-0.13623
1999-01-15,-0.14381
1999-01-22,-0.15064
1999-01-29,-0.16524
1999-02-05,-0.19041
1999-02-12,-0.22385
1999-02-19,-0.25897
1999-02-26,-0.28618
1999-03-05,-0.30196
1999-03-12,-0.30801
1999-03-19,-0.30761
1999-03-26,-0.30462
1999-04-02,-0.30251
1999-04-09,-0.3022
1999-04-16,-0.30327
1999-04-23,-0.30445
1999-04-30,-0.30597
1999-05-07,-0.30544
1999-05-14,-0.29949
1999-05-21,-0.28578
1999-05-28,-0.26401
1999-06-04,-0.23649
1999-06-11,-0.20752
1999-06-18,-0.18147
1999-06-25,-0.15956
1999-07-02,-0.141
1999-07-09,-0.11951
1999-07-16,-0.08937
1999-07-23,-0.05102
1999-07-30,-0.00843
1999-08-06,0.03572
1999-08-13,0.07244
1999-08-20,0.09938
1999-08-27,0.11871
1999-09-03,0.13679
1999-09-10,0.15898
1999-09-17,0.18654
1999-09-24,0.21719
1999-10-01,0.24696
1999-10-08,0.26766
1999-10-15,0.26887
1999-10-22,0.24895
1999-10-29,0.2125
1999-11-05,0.16707
1999-11-12,0.1234
1999-11-19,0.09091
1999-11-26,0.07775
1999-12-03,0.07943
1999-12-10,0.08872
1999-12-17,0.09447
1999-12-24,0.09103
1999-12-31,0.07819
2000-01-07,0.05558
2000-01-14,0.03173
2000-01-21,0.01303
2000-01-28,-0.00116
2000-02-04,-0.01079
2000-02-11,-0.01686
2000-02-18,-0.01647
2000-02-25,-0.00491
2000-03-03,0.02026
2000-03-10,0.05812
2000-03-17,0.10061
2000-03-24,0.13683
2000-03-31,0.15917
2000-04-07,0.16236
2000-04-14,0.16218
2000-04-21,0.16686
2000-04-28,0.18719
2000-05-05,0.22548
2000-05-12,0.27016
2000-05-19,0.31163
2000-05-26,0.34066
2000-06-02,0.35261
2000-06-09,0.34995
2000-06-16,0.33937
2000-06-23,0.32053
2000-06-30,0.29271
2000-07-07,0.25022
2000-07-14,0.19519
2000-07-21,0.13239
2000-07-28,0.07106
2000-08-04,0.02165
2000-08-11,-0.0096
2000-08-18,-0.02323
2000-08-25,-0.02715
2000-09-01,-0.02935
2000-09-08,-0.0324
2000-09-15,-0.03708
2000-09-22,-0.03916
2000-09-29,-0.03617
2000-10-06,-0.02927
2000-10-13,-0.02208
2000-10-20,-0.0231
2000-10-27,-0.03163
2000-11-03,-0.0423
2000-11-10,-0.04703
2000-11-17,-0.03754
2000-11-24,-0.01212
2000-12-01,0.02365
2000-12-08,0.05641
2000-12-15,0.0741
2000-12-22,0.07225
2000-12-29,0.04666
2001-01-05,0.00972
2001-01-12,-0.0318
2001-01-19,-0.06987
2001-01-26,-0.10167
2001-02-02,-0.12793
2001-02-09,-0.15066
2001-02-16,-0.16851
2001-02-23,-0.17837
2001-03-02,-0.18016
2001-03-09,-0.17384
2001-03-16,-0.16249
2001-03-23,-0.15614
2001-03-30,-0.16185
2001-04-06,-0.18067
2001-04-13,-0.2132
2001-04-20,-0.25045
2001-04-27,-0.28372
2001-05-04,-0.30942
2001-05-11,-0.3266
2001-05-18,-0.3372
2001-05-25,-0.34878
2001-06-01,-0.36324
2001-06-08,-0.38004
2001-06-15,-0.39611
2001-06-22,-0.40725
2001-06-29,-0.41289
2001-07-06,-0.41698
2001-07-13,-0.42332
2001-07-20,-0.43501
2001-07-27,-0.45407
2001-08-03,-0.47327
2001-08-10,-0.48244
2001-08-17,-0.47675
2001-08-24,-0.45348
2001-08-31,-0.41944
2001-09-07,-0.38577
2001-09-14,-0.35893
2001-09-21,-0.34797
2001-09-28,-0.35717
2001-10-05,-0.3722
2001-10-12,-0.39311
2001-10-19,-0.41535
2001-10-26,-0.43762
2001-11-02,-0.4559
2001-11-09,-0.46928
2001-11-16,-0.4728
2001-11-23,-0.46103
2001-11-30,-0.43673
2001-12-07,-0.40819
2001-12-14,-0.3883
2001-12-21,-0.38811
2001-12-28,-0.41311
2002-01-04,-0.45583
2002-01-11,-0.50574
2002-01-18,-0.5482
2002-01-25,-0.57202
2002-02-01,-0.57706
2002-02-08,-0.56864
2002-02-15,-0.55505
2002-02-22,-0.54106
2002-03-01,-0.53034
2002-03-08,-0.51869
2002-03-15,-0.50626
2002-03-22,-0.4938
2002-03-29,-0.48568
2002-04-05,-0.48921
2002-04-12,-0.50886
2002-04-19,-0.54278
2002-04-26,-0.58353
2002-05-03,-0.62409
2002-05-10,-0.65074
2002-05-17,-0.66259
2002-05-24,-0.65846
2002-05-31,-0.64474
2002-06-07,-0.62556
2002-06-14,-0.60515
2002-06-21,-0.58322
2002-06-28,-0.5584
2002-07-05,-0.52989
2002-07-12,-0.49871
2002-07-19,-0.47075
2002-07-26,-0.4489
2002-08-02,-0.4383
2002-08-09,-0.43449
2002-08-16,-0.4364
2002-08-23,-0.4354
2002-08-30,-0.42933
2002-09-06,-0.41643
2002-09-13,-0.40064
2002-09-20,-0.38615
2002-09-27,-0.37792
2002-10-04,-0.37679
2002-10-11,-0.38365
2002-10-18,-0.39776
2002-10-25,-0.41348
2002-11-01,-0.43184
2002-11-08,-0.44896
2002-11-15,-0.46336
2002-11-22,-0.4718
2002-11-29,-0.47394
2002-12-06,-0.47096
2002-12-13,-0.46816
2002-12-20,-0.4683
2002-12-27,-0.47474
2003-01-03,-0.48911
2003-01-10,-0.50797
2003-01-17,-0.52604
2003-01-24,-0.53966
2003-01-31,-0.54977
2003-02-07,-0.55588
2003-02-14,-0.56154
2003-02-21,-0.56857
2003-02-28,-0.57893
2003-03-07,-0.59288
2003-03-14,-0.61065
2003-03-21,-0.63468
2003-03-28,-0.66555
2003-04-04,-0.7033
2003-04-11,-0.74318
2003-04-18,-0.7801
2003-04-25,-0.80891
2003-05-02,-0.82552
2003-05-09,-0.82821
2003-05-16,-0.82107
2003-05-23,-0.80799
2003-05-30,-0.79331
2003-06-06,-0.77856
2003-06-13,-0.76697
2003-06-20,-0.75937
2003-06-27,-0.75514
2003-07-04,-0.75414
2003-07-11,-0.75628
2003-07-18,-0.75879
2003-07-25,-0.75948
2003-08-01,-0.75427
2003-08-08,-0.74631
2003-08-15,-0.73516
2003-08-22,-0.72367
2003-08-29,-0.71497
2003-09-05,-0.71053
2003-09-12,-0.71037
2003-09-19,-0.71265
2003-09-26,-0.71539
2003-10-03,-0.71807
2003-10-10,-0.72118
2003-10-17,-0.72453
2003-10-24,-0.72699
2003-10-31,-0.72972
2003-11-07,-0.72889
2003-11-14,-0.7234
2003-11-21,-0.71381
2003-11-28,-0.70198
2003-12-05,-0.68904
2003-12-12,-0.68023
2003-12-19,-0.67574
2003-12-26,-0.6754
2004-01-02,-0.67834
2004-01-09,-0.68231
2004-01-16,-0.68778
2004-01-23,-0.69489
2004-01-30,-0.70478
2004-02-06,-0.71678
2004-02-13,-0.7305
2004-02-20,-0.74232
2004-02-27,-0.7494
2004-03-05,-0.75186
2004-03-12,-0.75216
2004-03-19,-0.7519
2004-03-26,-0.75301
2004-04-02,-0.75541
2004-04-09,-0.75603
2004-04-16,-0.75014
2004-04-23,-0.73662
2004-04-30,-0.71845
2004-05-07,-0.70028
2004-05-14,-0.6879
2004-05-21,-0.68384
2004-05-28,-0.68738
2004-06-04,-0.69532
2004-06-11,-0.70028
2004-06-18,-0.70083
2004-06-25,-0.69881
2004-07-02,-0.69656
2004-07-09,-0.6981
2004-07-16,-0.70445
2004-07-23,-0.7155
2004-07-30,-0.7286
2004-08-06,-0.73907
2004-08-13,-0.74561
2004-08-20,-0.74799
2004-08-27,-0.74671
2004-09-03,-0.74095
2004-09-10,-0.7337
2004-09-17,-0.72454
2004-09-24,-0.7133
2004-10-01,-0.70117
2004-10-08,-0.69001
2004-10-15,-0.6812
2004-10-22,-0.67693
2004-10-29,-0.67607
2004-11-05,-0.6782
2004-11-12,-0.68489
2004-11-19,-0.6918
2004-11-26,-0.6982
2004-12-03,-0.7032
2004-12-10,-0.70433
2004-12-17,-0.70048
2004-12-24,-0.69343
2004-12-31,-0.68566
2005-01-07,-0.68017
2005-01-14,-0.68003
2005-01-21,-0.68565
2005-01-28,-0.69591
2005-02-04,-0.70787
2005-02-11,-0.71554
2005-02-18,-0.71457
2005-02-25,-0.70488
2005-03-04,-0.68523
2005-03-11,-0.65999
2005-03-18,-0.63225
2005-03-25,-0.60671
2005-04-01,-0.58558
2005-04-08,-0.57055
2005-04-15,-0.56181
2005-04-22,-0.55938
2005-04-29,-0.56121
2005-05-06,-0.5659
2005-05-13,-0.56896
2005-05-20,-0.56979
2005-05-27,-0.56709
2005-06-03,-0.55884
2005-06-10,-0.54979
2005-06-17,-0.54106
2005-06-24,-0.53685
2005-07-01,-0.53745
2005-07-08,-0.54164
2005-07-15,-0.5486
2005-07-22,-0.55397
2005-07-29,-0.55599
2005-08-05,-0.55315
2005-08-12,-0.54728
2005-08-19,-0.5368
2005-08-26,-0.52212
2005-09-02,-0.50383
2005-09-09,-0.48443
2005-09-16,-0.46648
2005-09-23,-0.45618
2005-09-30,-0.45685
2005-10-07,-0.4723
2005-10-14,-0.49799
2005-10-21,-0.52759
2005-10-28,-0.55451
2005-11-04,-0.57176
2005-11-11,-0.57641
2005-11-18,-0.56717
2005-11-25,-0.54721
2005-12-02,-0.51964
2005-12-09,-0.48771
2005-12-16,-0.45595
2005-12-23,-0.43061
2005-12-30,-0.41253
2006-01-06,-0.40689
2006-01-13,-0.41193
2006-01-20,-0.42339
2006-01-27,-0.43963
2006-02-03,-0.45475
2006-02-10,-0.46835
2006-02-17,-0.4805
2006-02-24,-0.49105
2006-03-03,-0.49976
2006-03-10,-0.50477
2006-03-17,-0.50588
2006-03-24,-0.50261
2006-03-31,-0.49469
2006-04-07,-0.48706
2006-04-14,-0.47986
2006-04-21,-0.47508
2006-04-28,-0.47111
2006-05-05,-0.46383
2006-05-12,-0.45367
2006-05-19,-0.43679
2006-05-26,-0.4162
2006-06-02,-0.3945
2006-06-09,-0.37545
2006-06-16,-0.36039
2006-06-23,-0.35244
2006-06-30,-0.35278
2006-07-07,-0.36102
2006-07-14,-0.37585
2006-07-21,-0.39629
2006-07-28,-0.41974
2006-08-04,-0.44133
2006-08-11,-0.45938
2006-08-18,-0.47074
2006-08-25,-0.47566
2006-09-01,-0.47596
2006-09-08,-0.47503
2006-09-15,-0.47585
2006-09-22,-0.48179
2006-09-29,-0.49229
2006-10-06,-0.50751
2006-10-13,-0.52486
2006-10-20,-0.54082
2006-10-27,-0.5525
2006-11-03,-0.55417
2006-11-10,-0.54481
2006-11-17,-0.52142
2006-11-24,-0.48795
2006-12-01,-0.45054
2006-12-08,-0.41736
2006-12-15,-0.39845
2006-12-22,-0.39631
2006-12-29,-0.40754
2007-01-05,-0.42843
2007-01-12,-0.45112
2007-01-19,-0.47276
2007-01-26,-0.493
2007-02-02,-0.51014
2007-02-09,-0.52399
2007-02-16,-0.52892
2007-02-23,-0.52132
2007-03-02,-0.49814
2007-03-09,-0.46923
2007-03-16,-0.44271
2007-03-23,-0.42841
2007-03-30,-0.42821
2007-04-06,-0.43725
2007-04-13,-0.44133
2007-04-20,-0.43115
2007-04-27,-0.40277
2007-05-04,-0.36294
2007-05-11,-0.32795
2007-05-18,-0.30623
2007-05-25,-0.29624
2007-06-01,-0.29367
2007-06-08,-0.2909
2007-06-15,-0.27674
2007-06-22,-0.26017
2007-06-29,-0.24972
2007-07-06,-0.24741
2007-07-13,-0.23993
2007-07-20,-0.20362
2007-07-27,-0.10809
2007-08-03,0.05313
2007-08-10,0.26373
2007-08-17,0.48588
2007-08-24,0.66009
2007-08-31,0.73117
2007-09-07,0.71299
2007-09-14,0.61831
2007-09-21,0.48127
2007-09-28,0.36176
2007-10-05,0.27374
2007-10-12,0.22446
2007-10-19,0.21536
2007-10-26,0.24406
2007-11-02,0.3186
2007-11-09,0.45066
2007-11-16,0.62177
2007-11-23,0.81203
2007-11-30,0.97088
2007-12-07,1.05567
2007-12-14,1.05356
2007-12-21,0.98145
2007-12-28,0.87736
2008-01-04,0.79704
2008-01-11,0.75803
2008-01-18,0.76697
2008-01-25,0.81035
2008-02-01,0.85459
2008-02-08,0.91787
2008-02-15,1.01242
2008-02-22,1.15189
2008-02-29,1.32413
2008-03-07,1.50509
2008-03-14,1.63186
2008-03-21,1.66972
2008-03-28,1.60284
2008-04-04,1.47243
2008-04-11,1.32401
2008-04-18,1.20001
2008-04-25,1.10696
2008-05-02,1.03686
2008-05-09,0.97497
2008-05-16,0.90501
2008-05-23,0.8494
2008-05-30,0.84077
2008-06-06,0.90579
2008-06-13,1.01805
2008-06-20,1.15407
2008-06-27,1.266
2008-07-04,1.30326
2008-07-11,1.27009
2008-07-18,1.20744
2008-07-25,1.14138
2008-08-01,1.10956
2008-08-08,1.11132
2008-08-15,1.11875
2008-08-22,1.14525
2008-08-29,1.19809
2008-09-05,1.32218
2008-09-12,1.56539
2008-09-19,1.96625
2008-09-26,2.40092
2008-10-03,2.82165
2008-10-10,3.13085
2008-10-17,3.26627
2008-10-24,3.27126
2008-10-31,3.27088
2008-11-07,3.31764
2008-11-14,3.46537
2008-11-21,3.68732
2008-11-28,3.832
2008-12-05,3.87163
2008-12-12,3.75334
2008-12-19,3.50951
2008-12-26,3.23779
2009-01-02,3.03547
2009-01-09,2.89364
2009-01-16,2.81227
2009-01-23,2.75062
2009-01-30,2.67817
2009-02-06,2.61494
2009-02-13,2.60011
2009-02-20,2.64688
2009-02-27,2.74116
2009-03-06,2.84244
2009-03-13,2.86191
2009-03-20,2.7868
2009-03-27,2.62399
2009-04-03,2.42151
2009-04-10,2.22178
2009-04-17,2.0646
2009-04-24,1.94131
2009-05-01,1.81936
2009-05-08,1.68149
2009-05-15,1.53295
2009-05-22,1.38866
2009-05-29,1.29246
2009-06-05,1.24864
2009-06-12,1.25373
2009-06-19,1.28011
2009-06-26,1.27357
2009-07-03,1.2148
2009-07-10,1.10655
2009-07-17,0.96628
2009-07-24,0.82965
2009-07-31,0.72542
2009-08-07,0.66
2009-08-14,0.62227
2009-08-21,0.59014
2009-08-28,0.54548
2009-09-04,0.48991
2009-09-11,0.42888
2009-09-18,0.3747
2009-09-25,0.33862
2009-10-02,0.32452
2009-10-09,0.31448
2009-10-16,0.30005
2009-10-23,0.27795
2009-10-30,0.25323
2009-11-06,0.22615
2009-11-13,0.20405
2009-11-20,0.18953
2009-11-27,0.17202
2009-12-04,0.14034
2009-12-11,0.08793
2009-12-18,0.02055
2009-12-25,-0.04833
2010-01-01,-0.09957
2010-01-08,-0.12573
2010-01-15,-0.11744
2010-01-22,-0.08531
2010-01-29,-0.05422
2010-02-05,-0.03813
2010-02-12,-0.04693
2010-02-19,-0.08367
2010-02-26,-0.13338
2010-03-05,-0.18772
2010-03-12,-0.24001
2010-03-19,-0.28828
2010-03-26,-0.33845
2010-04-02,-0.3863
2010-04-09,-0.4218
2010-04-16,-0.42839
2010-04-23,-0.3946
2010-04-30,-0.31534
2010-05-07,-0.2035
2010-05-14,-0.09305
2010-05-21,0.00347
2010-05-28,0.06168
2010-06-04,0.08049
2010-06-11,0.07608
2010-06-18,0.04905
2010-06-25,0.01428
2010-07-02,-0.02638
2010-07-09,-0.08196
2010-07-16,-0.14246
2010-07-23,-0.19561
2010-07-30,-0.23294
2010-08-06,-0.24503
2010-08-13,-0.23424
2010-08-20,-0.21713
2010-08-27,-0.20839
2010-09-03,-0.21626
2010-09-10,-0.24304
2010-09-17,-0.27646
2010-09-24,-0.30424
2010-10-01,-0.32677
2010-10-08,-0.34448
2010-10-15,-0.36283
2010-10-22,-0.38503
2010-10-29,-0.40888
2010-11-05,-0.42468
2010-11-12,-0.42821
2010-11-19,-0.42412
2010-11-26,-0.41869
2010-12-03,-0.4252
2010-12-10,-0.4506
2010-12-17,-0.48696
2010-12-24,-0.52583
2010-12-31,-0.5571
2011-01-07,-0.57561
2011-01-14,-0.58779
2011-01-21,-0.60196
2011-01-28,-0.6202
2011-02-04,-0.63963
2011-02-11,-0.65033
2011-02-18,-0.63846
2011-02-25,-0.60354
2011-03-04,-0.5601
2011-03-11,-0.52267
2011-03-18,-0.50502
2011-03-25,-0.51688
2011-04-01,-0.5445
2011-04-08,-0.57448
2011-04-15,-0.59321
2011-04-22,-0.59734
2011-04-29,-0.59577
2011-05-06,-0.59809
2011-05-13,-0.60494
2011-05-20,-0.61478
2011-05-27,-0.61665
2011-06-03,-0.60473
2011-06-10,-0.57821
2011-06-17,-0.55551
2011-06-24,-0.54723
2011-07-01,-0.55847
2011-07-08,-0.57615
2011-07-15,-0.5761
2011-07-22,-0.54216
2011-07-29,-0.46729
2011-08-05,-0.36042
2011-08-12,-0.24944
2011-08-19,-0.16672
2011-08-26,-0.10624
2011-09-02,-0.07169
2011-09-09,-0.04252
2011-09-16,-0.01563
2011-09-23,0.00928
2011-09-30,0.014
2011-10-07,-0.01075
2011-10-14,-0.06477
2011-10-21,-0.12005
2011-10-28,-0.15883
2011-11-04,-0.15986
2011-11-11,-0.13087
2011-11-18,-0.0888
2011-11-25,-0.05368
2011-12-02,-0.04994
2011-12-09,-0.06628
2011-12-16,-0.09131
2011-12-23,-0.12088
2011-12-30,-0.15266
2012-01-06,-0.19018
2012-01-13,-0.24189
2012-01-20,-0.30465
2012-01-27,-0.36705
2012-02-03,-0.41235
2012-02-10,-0.43561
2012-02-17,-0.43814
2012-02-24,-0.43714
2012-03-02,-0.44481
2012-03-09,-0.45969
2012-03-16,-0.48111
2012-03-23,-0.49414
2012-03-30,-0.48821
2012-04-06,-0.46681
2012-04-13,-0.4375
2012-04-20,-0.41075
2012-04-27,-0.38605
2012-05-04,-0.35921
2012-05-11,-0.32175
2012-05-18,-0.27181
2012-05-25,-0.22319
2012-06-01,-0.18427
2012-06-08,-0.17064
2012-06-15,-0.18682
2012-06-22,-0.22354
2012-06-29,-0.26371
2012-07-06,-0.29924
2012-07-13,-0.32126
2012-07-20,-0.33685
2012-07-27,-0.35037
2012-08-03,-0.37057
2012-08-10,-0.39718
2012-08-17,-0.42559
2012-08-24,-0.4524
2012-08-31,-0.47383
2012-09-07,-0.49444
2012-09-14,-0.51786
2012-09-21,-0.54432
2012-09-28,-0.57116
2012-10-05,-0.59635
2012-10-12,-0.61075
2012-10-19,-0.61438
2012-10-26,-0.60619
2012-11-02,-0.59589
2012-11-09,-0.58855
2012-11-16,-0.58666
2012-11-23,-0.59443
2012-11-30,-0.60347
2012-12-07,-0.61255
2012-12-14,-0.62198
2012-12-21,-0.63118
2012-12-28,-0.64046
2013-01-04,-0.65549
2013-01-11,-0.66959
2013-01-18,-0.67906
2013-01-25,-0.68333
2013-02-01,-0.6813
2013-02-08,-0.67739
2013-02-15,-0.67926
2013-02-22,-0.68779
2013-03-01,-0.7013
2013-03-08,-0.72168
2013-03-15,-0.73947
2013-03-22,-0.75168
2013-03-29,-0.76159
2013-04-05,-0.77089
2013-04-12,-0.78242
2013-04-19,-0.79651
2013-04-26,-0.81436
2013-05-03,-0.82958
2013-05-10,-0.83893
2013-05-17,-0.83546
2013-05-24,-0.81843
2013-05-31,-0.78893
2013-06-07,-0.75126
2013-06-14,-0.7138
2013-06-21,-0.68578
2013-06-28,-0.67423
2013-07-05,-0.68026
2013-07-12,-0.70087
2013-07-19,-0.72897
2013-07-26,-0.75386
2013-08-02,-0.76803
2013-08-09,-0.77135
2013-08-16,-0.76513
2013-08-23,-0.75627
2013-08-30,-0.75078
2013-09-06,-0.75128
2013-09-13,-0.7571
2013-09-20,-0.76458
2013-09-27,-0.77114
2013-10-04,-0.77663
2013-10-11,-0.785
2013-10-18,-0.79836
2013-10-25,-0.81606
2013-11-01,-0.83541
2013-11-08,-0.85369
2013-11-15,-0.86633
2013-11-22,-0.87288
2013-11-29,-0.87691
2013-12-06,-0.88253
2013-12-13,-0.89198
2013-12-20,-0.90444
2013-12-27,-0.91505
2014-01-03,-0.91747
2014-01-10,-0.91079
2014-01-17,-0.89709
2014-01-24,-0.88234
2014-01-31,-0.874
2014-02-07,-0.87592
2014-02-14,-0.88442
2014-02-21,-0.89246
2014-02-28,-0.89469
2014-03-07,-0.8865
2014-03-14,-0.87137
2014-03-21,-0.85525
2014-03-28,-0.84086
2014-04-04,-0.83301
2014-04-11,-0.82744
2014-04-18,-0.82103
2014-04-25,-0.81265
2014-05-02,-0.80405
2014-05-09,-0.79759
2014-05-16,-0.79793
2014-05-23,-0.80703
2014-05-30,-0.82011
2014-06-06,-0.83232
2014-06-13,-0.83958
2014-06-20,-0.83932
2014-06-27,-0.83222
2014-07-04,-0.82086
2014-07-11,-0.80805
2014-07-18,-0.7957
2014-07-25,-0.78596
2014-08-01,-0.77831
2014-08-08,-0.7768
2014-08-15,-0.78181
2014-08-22,-0.78998
2014-08-29,-0.79788
2014-09-05,-0.80335
2014-09-12,-0.79944
2014-09-19,-0.78589
2014-09-26,-0.76459
2014-10-03,-0.74274
2014-10-10,-0.72681
2014-10-17,-0.71917
2014-10-24,-0.72572
2014-10-31,-0.73936
2014-11-07,-0.75521
2014-11-14,-0.76483
2014-11-21,-0.76287
2014-11-28,-0.75088
2014-12-05,-0.73136
2014-12-12,-0.70717
2014-12-19,-0.68479
2014-12-26,-0.66661
2015-01-02,-0.6494
2015-01-09,-0.63341
2015-01-16,-0.61627
2015-01-23,-0.60253
2015-01-30,-0.59436
2015-02-06,-0.59384
2015-02-13,-0.60031
2015-02-20,-0.61083
2015-02-27,-0.62017
2015-03-06,-0.62314
2015-03-13,-0.62126
2015-03-20,-0.61832
2015-03-27,-0.61718
2015-04-03,-0.61946
2015-04-10,-0.62374
2015-04-17,-0.62498
2015-04-24,-0.62323
2015-05-01,-0.61529
2015-05-08,-0.60438
2015-05-15,-0.59732
2015-05-22,-0.59472
2015-05-29,-0.59426
2015-06-05,-0.59281
2015-06-12,-0.58651
2015-06-19,-0.57328
2015-06-26,-0.55875
2015-07-03,-0.54211
2015-07-10,-0.53114
2015-07-17,-0.52616
2015-07-24,-0.51845
2015-07-31,-0.50352
2015-08-07,-0.48085
2015-08-14,-0.45163
2015-08-21,-0.41982
2015-08-28,-0.39332
2015-09-04,-0.37845
2015-09-11,-0.37442
2015-09-18,-0.37805
2015-09-25,-0.38593
2015-10-02,-0.39524
2015-10-09,-0.41004
2015-10-16,-0.42367
2015-10-23,-0.43761
2015-10-30,-0.45182
2015-11-06,-0.46148
2015-11-13,-0.46141
2015-11-20,-0.4511
2015-11-27,-0.43159
2015-12-04,-0.404
2015-12-11,-0.37122
2015-12-18,-0.34143
2015-12-25,-0.31726
2016-01-01,-0.30043
2016-01-08,-0.28726
2016-01-15,-0.2731
2016-01-22,-0.25772
2016-01-29,-0.24154
2016-02-05,-0.22506
2016-02-12,-0.21492
2016-02-19,-0.22015
2016-02-26,-0.23585
2016-03-04,-0.25666
2016-03-11,-0.27754
2016-03-18,-0.29141
2016-03-25,-0.29425
2016-04-01,-0.28981
2016-04-08,-0.27974
2016-04-15,-0.27192
2016-04-22,-0.26719
2016-04-29,-0.26354
2016-05-06,-0.26002
2016-05-13,-0.25788
2016-05-20,-0.25347
2016-05-27,-0.24723
2016-06-03,-0.23948
2016-06-10,-0.2319
2016-06-17,-0.22353
2016-06-24,-0.2193
2016-07-01,-0.21721
2016-07-08,-0.22219
2016-07-15,-0.23253
2016-07-22,-0.24353
2016-07-29,-0.25476
2016-08-05,-0.26097
2016-08-12,-0.26127
2016-08-19,-0.25462
2016-08-26,-0.24288
2016-09-02,-0.22905
2016-09-09,-0.21938
2016-09-16,-0.21477
2016-09-23,-0.21629
2016-09-30,-0.22472
2016-10-07,-0.23905
2016-10-14,-0.25484
2016-10-21,-0.27396
2016-10-28,-0.29749
2016-11-04,-0.32172
2016-11-11,-0.34838
2016-11-18,-0.37179
2016-11-25,-0.38924
2016-12-02,-0.39977
2016-12-09,-0.4033
2016-12-16,-0.40131
2016-12-23,-0.39675
2016-12-30,-0.39284
2017-01-06,-0.38781
2017-01-13,-0.38427
2017-01-20,-0.38159
2017-01-27,-0.37974
2017-02-03,-0.37971
2017-02-10,-0.38335
2017-02-17,-0.38773
2017-02-24,-0.39136
2017-03-03,-0.39584
2017-03-10,-0.39736
2017-03-17,-0.39785
2017-03-24,-0.39908
2017-03-31,-0.40366
2017-04-07,-0.41037
2017-04-14,-0.41911
2017-04-21,-0.42754
2017-04-28,-0.43702
2017-05-05,-0.4466
2017-05-12,-0.45735
2017-05-19,-0.4684
2017-05-26,-0.48141
2017-06-02,-0.49124
2017-06-09,-0.49709
2017-06-16,-0.50099
2017-06-23,-0.50382
2017-06-30,-0.51052
2017-07-07,-0.52078
2017-07-14,-0.53207
2017-07-21,-0.54074
2017-07-28,-0.54085
2017-08-04,-0.53054
2017-08-11,-0.51333
2017-08-18,-0.49481
2017-08-25,-0.48043
2017-09-01,-0.47344
2017-09-08,-0.47433
2017-09-15,-0.48282
2017-09-22,-0.49431
2017-09-29,-0.50782
2017-10-06,-0.52384
2017-10-13,-0.54052
2017-10-20,-0.55809
2017-10-27,-0.57482
2017-11-03,-0.59061
2017-11-10,-0.60168
2017-11-17,-0.60827
2017-11-24,-0.6106
2017-12-01,-0.61111
2017-12-08,-0.61119
2017-12-15,-0.61341
2017-12-22,-0.61888
2017-12-29,-0.62631
2018-01-05,-0.63191
2018-01-12,-0.63077
2018-01-19,-0.62127
2018-01-26,-0.60395
2018-02-02,-0.58109
2018-02-09,-0.55586
2018-02-16,-0.5365
2018-02-23,-0.52046
2018-03-02,-0.50525
2018-03-09,-0.48896
2018-03-16,-0.472
2018-03-23,-0.45567
2018-03-30,-0.44641
2018-04-06,-0.44531
2018-04-13,-0.45624
2018-04-20,-0.4752
2018-04-27,-0.49346
2018-05-04,-0.50793
2018-05-11,-0.51694
2018-05-18,-0.52002
2018-05-25,-0.51797
2018-06-01,-0.51363
2018-06-08,-0.50968
2018-06-15,-0.50424
2018-06-22,-0.49878
2018-06-29,-0.49491
2018-07-06,-0.49771
2018-07-13,-0.50813
2018-07-20,-0.52523
2018-07-27,-0.54648
2018-08-03,-0.56685
2018-08-10,-0.58213
2018-08-17,-0.58974
2018-08-24,-0.59278
2018-08-31,-0.59534
2018-09-07,-0.59997
2018-09-14,-0.60715
2018-09-21,-0.61331
2018-09-28,-0.61462
2018-10-05,-0.60958
2018-10-12,-0.59664
2018-10-19,-0.58274
2018-10-26,-0.56979
2018-11-02,-0.5597
2018-11-09,-0.55077
2018-11-16,-0.5349
2018-11-23,-0.51005
2018-11-30,-0.47888
2018-12-07,-0.44481
2018-12-14,-0.41941
2018-12-21,-0.4082
2018-12-28,-0.41302
2019-01-04,-0.43094
2019-01-11,-0.45217
2019-01-18,-0.47319
2019-01-25,-0.49101
2019-02-01,-0.508
2019-02-08,-0.52503
2019-02-15,-0.54366
2019-02-22,-0.56127
2019-03-01,-0.57299
2019-03-08,-0.57638
2019-03-15,-0.57461
2019-03-22,-0.57158
2019-03-29,-0.57119
2019-04-05,-0.57733
2019-04-12,-0.58763
2019-04-19,-0.59743
2019-04-26,-0.60116
2019-05-03,-0.59834
2019-05-10,-0.5894
2019-05-17,-0.57958
2019-05-24,-0.57279
2019-05-31,-0.56851
2019-06-07,-0.56788
2019-06-14,-0.5677
2019-06-21,-0.56633
2019-06-28,-0.56536
2019-07-05,-0.56797
2019-07-12,-0.57146
2019-07-19,-0.575
2019-07-26,-0.57515
2019-08-02,-0.56662
2019-08-09,-0.55236
2019-08-16,-0.53551
2019-08-23,-0.52513
2019-08-30,-0.52394
2019-09-06,-0.53401
2019-09-13,-0.5454
2019-09-20,-0.55232
2019-09-27,-0.55142
2019-10-04,-0.54323
2019-10-11,-0.53655
2019-10-18,-0.54075
2019-10-25,-0.55883
2019-11-01,-0.58353
2019-11-08,-0.60426
2019-11-15,-0.60942
2019-11-22,-0.59586
2019-11-29,-0.56776
2019-12-06,-0.53852
2019-12-13,-0.5244
2019-12-20,-0.52665
2019-12-27,-0.54083
2020-01-03,-0.55536
2020-01-10,-0.56356
2020-01-17,-0.56802
2020-01-24,-0.57424
2020-01-31,-0.58768
2020-02-07,-0.60223
2020-02-14,-0.59082
2020-02-21,-0.51922
2020-02-28,-0.36763
2020-03-06,-0.15342
2020-03-13,0.09012
2020-03-20,0.30782
2020-03-27,0.43941
2020-04-03,0.47698
2020-04-10,0.43113
2020-04-17,0.33697
2020-04-24,0.23372
2020-05-01,0.12804
2020-05-08,0.02132
2020-05-15,-0.0858
2020-05-22,-0.20407
2020-05-29,-0.3191
2020-06-05,-0.41258
2020-06-12,-0.4642
2020-06-19,-0.48175
2020-06-26,-0.47793
2020-07-03,-0.47419
2020-07-10,-0.48586
2020-07-17,-0.51115
2020-07-24,-0.54293
2020-07-31,-0.56673
2020-08-07,-0.57621
2020-08-14,-0.58091
2020-08-21,-0.59349
2020-08-28,-0.61932
2020-09-04,-0.65795
2020-09-11,-0.69034
2020-09-18,-0.70585
2020-09-25,-0.6906
2020-10-02,-0.65214
2020-10-09,-0.60011
2020-10-16,-0.55692
2020-10-23,-0.53033
2020-10-30,-0.51928
2020-11-06,-0.51827
2020-11-13,-0.52051
2020-11-20,-0.51729
2020-11-27,-0.51027
2020-12-04,-0.50436
2020-12-11,-0.5043
2020-12-18,-0.5093
2020-12-25,-0.51533
2021-01-01,-0.51958
2021-01-08,-0.51867
2021-01-15,-0.51672
2021-01-22,-0.51618
2021-01-29,-0.52044
2021-02-05,-0.53396
2021-02-12,-0.54823
2021-02-19,-0.55934
2021-02-26,-0.56422
2021-03-05,-0.5643
2021-03-12,-0.56141
2021-03-19,-0.55907
2021-03-26,-0.56064
2021-04-02,-0.5648
2021-04-09,-0.56814
2021-04-16,-0.56835
2021-04-23,-0.56488
2021-04-30,-0.5605
2021-05-07,-0.55899
2021-05-14,-0.56042
2021-05-21,-0.56731
2021-05-28,-0.5761
2021-06-04,-0.58296
2021-06-11,-0.58605
2021-06-18,-0.58584
2021-06-25,-0.58601
2021-07-02,-0.58757
2021-07-09,-0.59168
2021-07-16,-0.59529
2021-07-23,-0.59592
2021-07-30,-0.59317
2021-08-06,-0.58876
2021-08-13,-0.58727
2021-08-20,-0.59262
2021-08-27,-0.60632
2021-09-03,-0.62432
2021-09-10,-0.63932
2021-09-17,-0.64725
2021-09-24,-0.64602
2021-10-01,-0.63879
2021-10-08,-0.62979
2021-10-15,-0.62231
2021-10-22,-0.61557
2021-10-29,-0.60465
2021-11-05,-0.58483
2021-11-12,-0.55623
2021-11-19,-0.52413
2021-11-26,-0.49639
2021-12-03,-0.48193
2021-12-10,-0.48605
2021-12-17,-0.5011
2021-12-24,-0.51942
2021-12-31,-0.53148
2022-01-07,-0.53304
2022-01-14,-0.52546
2022-01-21,-0.51392
2022-01-28,-0.50045
2022-02-04,-0.4838
2022-02-11,-0.45475
2022-02-18,-0.4093
2022-02-25,-0.35151
2022-03-04,-0.29099
2022-03-11,-0.2463
2022-03-18,-0.22916
2022-03-25,-0.23719
2022-04-01,-0.25684
2022-04-08,-0.27037
2022-04-15,-0.26121
2022-04-22,-0.231
2022-04-29,-0.18956
2022-05-06,-0.15349
2022-05-13,-0.13248
2022-05-20,-0.12516
2022-05-27,-0.11783
2022-06-03,-0.09958
2022-06-10,-0.06715
2022-06-17,-0.0297
2022-06-24,-0.00606
2022-07-01,-0.01044
2022-07-08,-0.04558
2022-07-15,-0.09963
2022-07-22,-0.15559
2022-07-29,-0.19574
2022-08-05,-0.21458
2022-08-12,-0.21784
2022-08-19,-0.21295
2022-08-26,-0.20547
2022-09-02,-0.19543
2022-09-09,-0.17925
2022-09-16,-0.15021
2022-09-23,-0.11176
2022-09-30,-0.07416
2022-10-07,-0.04985
2022-10-14,-0.04747
2022-10-21,-0.06802
2022-10-28,-0.10114
2022-11-04,-0.1367
2022-11-11,-0.16251
2022-11-18,-0.17513
2022-11-25,-0.17717
2022-12-02,-0.17697
2022-12-09,-0.18128
2022-12-16,-0.19356
2022-12-23,-0.20996
2022-12-30,-0.22941
2023-01-06,-0.24627
2023-01-13,-0.2608
2023-01-20,-0.27188
2023-01-27,-0.28355
2023-02-03,-0.29216
2023-02-10,-0.29312
2023-02-17,-0.28007
2023-02-24,-0.24769
2023-03-03,-0.20239
2023-03-10,-0.1535
2023-03-17,-0.11159
2023-03-24,-0.09458
2023-03-31,-0.10497
2023-04-07,-0.1304
2023-04-14,-0.1636
2023-04-21,-0.19176
2023-04-28,-0.20787
2023-05-05,-0.21484
2023-05-12,-0.21757
2023-05-19,-0.21937
2023-05-26,-0.22146
2023-06-02,-0.22314
2023-06-09,-0.21891
2023-06-16,-0.21295
2023-06-23,-0.20855
2023-06-30,-0.20838
2023-07-07,-0.21631
2023-07-14,-0.23227
2023-07-21,-0.25005
2023-07-28,-0.26433
2023-08-04,-0.27301
2023-08-11,-0.27552
2023-08-18,-0.27348
2023-08-25,-0.27064
2023-09-01,-0.26955
2023-09-08,-0.26746
2023-09-15,-0.26523
2023-09-22,-0.25938
2023-09-29,-0.24964
2023-10-06,-0.24259
2023-10-13,-0.23909
2023-10-20,-0.24343
2023-10-27,-0.25703
2023-11-03,-0.27894
2023-11-10,-0.30178
2023-11-17,-0.32272
2023-11-24,-0.3389
2023-12-01,-0.35031
2023-12-08,-0.35922
2023-12-15,-0.36851
2023-12-22,-0.37906
2023-12-29,-0.39022
2024-01-05,-0.40106
2024-01-12,-0.40901
2024-01-19,-0.4144
2024-01-26,-0.41817
2024-02-02,-0.4226
2024-02-09,-0.42779
2024-02-16,-0.43598
2024-02-23,-0.44574
2024-03-01,-0.45565
2024-03-08,-0.46381
2024-03-15,-0.46876
2024-03-22,-0.46898
2024-03-29,-0.4636
2024-04-05,-0.45359
2024-04-12,-0.44124
2024-04-19,-0.4296
2024-04-26,-0.42254
2024-05-03,-0.41959
2024-05-10,-0.41962
2024-05-17,-0.41839
2024-05-24,-0.4131
2024-05-31,-0.4019
2024-06-07,-0.38691
2024-06-14,-0.3732
2024-06-21,-0.36353
2024-06-28,-0.35861
2024-07-05,-0.35799
2024-07-12,-0.35697
2024-07-19,-0.35432
2024-07-26,-0.35153
2024-08-02,-0.35136
2024-08-09,-0.35687
2024-08-16,-0.37213
2024-08-23,-0.39182
2024-08-30,-0.41259
2024-09-06,-0.43185
2024-09-13,-0.4456
2024-09-20,-0.455
2024-09-27,-0.46202
2024-10-04,-0.46883
2024-10-11,-0.47497
2024-10-18,-0.48342
2024-10-25,-0.49108
2024-11-01,-0.49895
2024-11-08,-0.50715
2024-11-15,-0.51357
2024-11-22,-0.5163
2024-11-29,-0.51643
2024-12-06,-0.51391
2024-12-13,-0.50968
2024-12-20,-0.50607
2024-12-27,-0.50638
2025-01-03,-0.50936
2025-01-10,-0.51439
2025-01-17,-0.51761
2025-01-24,-0.51712
2025-01-31,-0.51126
2025-02-07,-0.49878
2025-02-14,-0.48414
2025-02-21,-0.46932
2025-02-28,-0.45733
2025-03-07,-0.4483
2025-03-14,-0.43955
2025-03-21,-0.42965
2025-03-28,-0.41737
2025-04-04,-0.40346
2025-04-11,-0.39206
2025-04-18,-0.39207
2025-04-25,-0.40097
2025-05-02,-0.41886
2025-05-09,-0.43958
2025-05-16,-0.4573
2025-05-23,-0.4665
2025-05-30,-0.46922
2025-06-06,-0.46802
2025-06-13,-0.46831
2025-06-20,-0.47228
2025-06-27,-0.4797
2025-07-04,-0.48852
2025-07-11,-0.49524
2025-07-18,-0.49843
2025-07-25,-0.49949
2025-08-01,-0.49917
2025-08-08,-0.4996
2025-08-15,-0.50174
2025-08-22,-0.5028
2025-08-29,-0.5037
2025-09-05,-0.50406
2025-09-12,-0.50574
2025-09-19,-0.50828
2025-09-26,-0.51244
2025-10-03,-0.51845
2025-10-10,-0.52321
2025-10-17,-0.5263
2025-10-24,-0.52892
2025-10-31,-0.53104
2025-11-07,-0.53476
2025-11-14,-0.53818
2025-11-21,-0.54091
