date,nfci
1971-01-08,0.58483
1971-01-15,0.61682
1971-01-22,0.65395
1971-01-29,0.69471
1971-02-05,0.73779
1971-02-12,0.78084
1971-02-19,0.82279
1971-02-26,0.8641
1971-03-05,0.90636
1971-03-12,0.95164
1971-03-19,1.00217
1971-03-26,1.06023
1971-04-02,1.12597
1971-04-09,1.19832
1971-04-16,1.27302
1971-04-23,1.34365
1971-04-30,1.40304
1971-05-07,1.44316
1971-05-14,1.45527
1971-05-21,1.43474
1971-05-28,1.38234
1971-06-04,1.30252
1971-06-11,1.20289
1971-06-18,1.0998
1971-06-25,1.01031
1971-07-02,0.95095
1971-07-09,0.93729
1971-07-16,0.97908
1971-07-23,1.07897
1971-07-30,1.2317
1971-08-06,1.42309
1971-08-13,1.63262
1971-08-20,1.83774
1971-08-27,2.01264
1971-09-03,2.14178
1971-09-10,2.2111
1971-09-17,2.2198
1971-09-24,2.17153
1971-10-01,2.07711
1971-10-08,1.95068
1971-10-15,1.81019
1971-10-22,1.67221
1971-10-29,1.55089
1971-11-05,1.45593
1971-11-12,1.39054
1971-11-19,1.35404
1971-11-26,1.33948
1971-12-03,1.33875
1971-12-10,1.34278
1971-12-17,1.34137
1971-12-24,1.32631
1971-12-31,1.29457
1972-01-07,1.23664
1972-01-14,1.16154
1972-01-21,1.07015
1972-01-28,0.96924
1972-02-04,0.8664
1972-02-11,0.76681
1972-02-18,0.6742
1972-02-25,0.59155
1972-03-03,0.52029
1972-03-10,0.46046
1972-03-17,0.40991
1972-03-24,0.36547
1972-03-31,0.32298
1972-04-07,0.27919
1972-04-14,0.23342
1972-04-21,0.18494
1972-04-28,0.1368
1972-05-05,0.09173
1972-05-12,0.05412
1972-05-19,0.02793
1972-05-26,0.01749
1972-06-02,0.02485
1972-06-09,0.05062
1972-06-16,0.09207
1972-06-23,0.14465
1972-06-30,0.20114
1972-07-07,0.25358
1972-07-14,0.29511
1972-07-21,0.31986
1972-07-28,0.3234
1972-08-04,0.30504
1972-08-11,0.26631
1972-08-18,0.2116
1972-08-25,0.14647
1972-09-01,0.07796
1972-09-08,0.01331
1972-09-15,-0.04276
1972-09-22,-0.08742
1972-09-29,-0.12007
1972-10-06,-0.14262
1972-10-13,-0.15879
1972-10-20,-0.17121
1972-10-27,-0.18357
1972-11-03,-0.19817
1972-11-10,-0.21557
1972-11-17,-0.23539
1972-11-24,-0.25629
1972-12-01,-0.27392
1972-12-08,-0.28397
1972-12-15,-0.28151
1972-12-22,-0.26015
1972-12-29,-0.21497
1973-01-05,-0.14258
1973-01-12,-0.041
1973-01-19,0.08787
1973-01-26,0.23961
1973-02-02,0.40769
1973-02-09,0.58211
1973-02-16,0.75149
1973-02-23,0.9062
1973-03-02,1.03708
1973-03-09,1.13884
1973-03-16,1.20888
1973-03-23,1.25027
1973-03-30,1.26681
1973-04-06,1.26304
1973-04-13,1.24612
1973-04-20,1.22112
1973-04-27,1.19336
1973-05-04,1.16589
1973-05-11,1.14209
1973-05-18,1.12399
1973-05-25,1.11387
1973-06-01,1.11446
1973-06-08,1.12898
1973-06-15,1.15945
1973-06-22,1.20831
1973-06-29,1.27748
1973-07-06,1.36615
1973-07-13,1.47303
1973-07-20,1.59347
1973-07-27,1.72333
1973-08-03,1.85544
1973-08-10,1.98439
1973-08-17,2.10469
1973-08-24,2.21124
1973-08-31,2.29882
1973-09-07,2.3627
1973-09-14,2.40046
1973-09-21,2.41277
1973-09-28,2.40122
1973-10-05,2.36811
1973-10-12,2.32179
1973-10-19,2.26793
1973-10-26,2.21572
1973-11-02,2.17093
1973-11-09,2.13755
1973-11-16,2.11586
1973-11-23,2.09934
1973-11-30,2.07893
1973-12-07,2.0423
1973-12-14,1.98039
1973-12-21,1.88648
1973-12-28,1.75889
1974-01-04,1.59863
1974-01-11,1.41656
1974-01-18,1.22185
1974-01-25,1.02664
1974-02-01,0.84395
1974-02-08,0.68493
1974-02-15,0.55944
1974-02-22,0.4759
1974-03-01,0.43969
1974-03-08,0.45427
1974-03-15,0.52184
1974-03-22,0.64146
1974-03-29,0.81034
1974-04-05,1.02437
1974-04-12,1.27924
1974-04-19,1.56857
1974-04-26,1.88662
1974-05-03,2.22613
1974-05-10,2.58168
1974-05-17,2.94585
1974-05-24,3.30941
1974-05-31,3.6656
1974-06-07,4.00615
1974-06-14,4.32096
1974-06-21,4.60108
1974-06-28,4.83514
1974-07-05,5.01253
1974-07-12,5.1275
1974-07-19,5.17868
1974-07-26,5.17109
1974-08-02,5.11467
1974-08-09,5.01795
1974-08-16,4.89555
1974-08-23,4.7556
1974-08-30,4.6074
1974-09-06,4.45437
1974-09-13,4.2986
1974-09-20,4.14021
1974-09-27,3.97452
1974-10-04,3.80155
1974-10-11,3.62077
1974-10-18,3.44027
1974-10-25,3.26852
1974-11-01,3.1129
1974-11-08,2.98059
1974-11-15,2.87373
1974-11-22,2.78822
1974-11-29,2.71979
1974-12-06,2.65909
1974-12-13,2.59665
1974-12-20,2.52547
1974-12-27,2.43687
1975-01-03,2.32786
1975-01-10,2.19708
1975-01-17,2.04891
1975-01-24,1.88951
1975-01-31,1.72495
1975-02-07,1.56134
1975-02-14,1.40531
1975-02-21,1.25876
1975-02-28,1.12279
1975-03-07,0.99791
1975-03-14,0.88282
1975-03-21,0.77601
1975-03-28,0.67462
1975-04-04,0.57609
1975-04-11,0.4794
1975-04-18,0.38413
1975-04-25,0.29015
1975-05-02,0.20016
1975-05-09,0.11596
1975-05-16,0.0399
1975-05-23,-0.02667
1975-05-30,-0.08056
1975-06-06,-0.12132
1975-06-13,-0.14919
1975-06-20,-0.16576
1975-06-27,-0.17289
1975-07-04,-0.17312
1975-07-11,-0.16925
1975-07-18,-0.1634
1975-07-25,-0.15571
1975-08-01,-0.14611
1975-08-08,-0.13356
1975-08-15,-0.11782
1975-08-22,-0.09753
1975-08-29,-0.07252
1975-09-05,-0.04364
1975-09-12,-0.01147
1975-09-19,0.02273
1975-09-26,0.05627
1975-10-03,0.08775
1975-10-10,0.11359
1975-10-17,0.1328
1975-10-24,0.14439
1975-10-31,0.14758
1975-11-07,0.14098
1975-11-14,0.12415
1975-11-21,0.09656
1975-11-28,0.0579
1975-12-05,0.00823
1975-12-12,-0.0509
1975-12-19,-0.11743
1975-12-26,-0.18947
1976-01-02,-0.26441
1976-01-09,-0.33908
1976-01-16,-0.41024
1976-01-23,-0.47604
1976-01-30,-0.53505
1976-02-06,-0.58667
1976-02-13,-0.63011
1976-02-20,-0.66651
1976-02-27,-0.69614
1976-03-05,-0.71928
1976-03-12,-0.73544
1976-03-19,-0.74465
1976-03-26,-0.74625
1976-04-02,-0.7394
1976-04-09,-0.72384
1976-04-16,-0.69954
1976-04-23,-0.66787
1976-04-30,-0.63058
1976-05-07,-0.59035
1976-05-14,-0.55065
1976-05-21,-0.51512
1976-05-28,-0.4867
1976-06-04,-0.46831
1976-06-11,-0.46134
1976-06-18,-0.46528
1976-06-25,-0.47981
1976-07-02,-0.50261
1976-07-09,-0.53104
1976-07-16,-0.56238
1976-07-23,-0.59449
1976-07-30,-0.62493
1976-08-06,-0.65214
1976-08-13,-0.67546
1976-08-20,-0.69423
1976-08-27,-0.70822
1976-09-03,-0.71778
1976-09-10,-0.72316
1976-09-17,-0.72507
1976-09-24,-0.72406
1976-10-01,-0.72001
1976-10-08,-0.71411
1976-10-15,-0.7068
1976-10-22,-0.69821
1976-10-29,-0.68862
1976-11-05,-0.67947
1976-11-12,-0.67176
1976-11-19,-0.66674
1976-11-26,-0.66634
1976-12-03,-0.67153
1976-12-10,-0.68407
1976-12-17,-0.70337
1976-12-24,-0.72945
1976-12-31,-0.76134
1977-01-07,-0.79748
1977-01-14,-0.83428
1977-01-21,-0.86961
1977-01-28,-0.90083
1977-02-04,-0.9253
1977-02-11,-0.94145
1977-02-18,-0.94846
1977-02-25,-0.94592
1977-03-04,-0.93398
1977-03-11,-0.91401
1977-03-18,-0.88689
1977-03-25,-0.85411
1977-04-01,-0.8172
1977-04-08,-0.77765
1977-04-15,-0.73611
1977-04-22,-0.69425
1977-04-29,-0.65288
1977-05-06,-0.61378
1977-05-13,-0.57818
1977-05-20,-0.54769
1977-05-27,-0.52316
1977-06-03,-0.50548
1977-06-10,-0.49463
1977-06-17,-0.48956
1977-06-24,-0.48952
1977-07-01,-0.49326
1977-07-08,-0.49934
1977-07-15,-0.50548
1977-07-22,-0.51036
1977-07-29,-0.51247
1977-08-05,-0.51104
1977-08-12,-0.50612
1977-08-19,-0.49742
1977-08-26,-0.48571
1977-09-02,-0.4706
1977-09-09,-0.45211
1977-09-16,-0.42999
1977-09-23,-0.40504
1977-09-30,-0.37784
1977-10-07,-0.34998
1977-10-14,-0.32215
1977-10-21,-0.29545
1977-10-28,-0.2713
1977-11-04,-0.25039
1977-11-11,-0.23402
1977-11-18,-0.22284
1977-11-25,-0.21735
1977-12-02,-0.21724
1977-12-09,-0.22249
1977-12-16,-0.23183
1977-12-23,-0.24482
1977-12-30,-0.25941
1978-01-06,-0.27401
1978-01-13,-0.28615
1978-01-20,-0.29356
1978-01-27,-0.29433
1978-02-03,-0.28716
1978-02-10,-0.27172
1978-02-17,-0.24728
1978-02-24,-0.21421
1978-03-03,-0.17347
1978-03-10,-0.12609
1978-03-17,-0.07352
1978-03-24,-0.01717
1978-03-31,0.04178
1978-04-07,0.10247
1978-04-14,0.16455
1978-04-21,0.22764
1978-04-28,0.29118
1978-05-05,0.35346
1978-05-12,0.41362
1978-05-19,0.47012
1978-05-26,0.52127
1978-06-02,0.56597
1978-06-09,0.60221
1978-06-16,0.62907
1978-06-23,0.64502
1978-06-30,0.64939
1978-07-07,0.64217
1978-07-14,0.62431
1978-07-21,0.59816
1978-07-28,0.56616
1978-08-04,0.53194
1978-08-11,0.50102
1978-08-18,0.48008
1978-08-25,0.47619
1978-09-01,0.49533
1978-09-08,0.5434
1978-09-15,0.62354
1978-09-22,0.73566
1978-09-29,0.87791
1978-10-06,1.04321
1978-10-13,1.22376
1978-10-20,1.408
1978-10-27,1.5847
1978-11-03,1.74041
1978-11-10,1.8674
1978-11-17,1.95843
1978-11-24,2.00706
1978-12-01,2.01558
1978-12-08,1.98503
1978-12-15,1.91911
1978-12-22,1.82394
1978-12-29,1.705
1979-01-05,1.56855
1979-01-12,1.42142
1979-01-19,1.2696
1979-01-26,1.11894
1979-02-02,0.97385
1979-02-09,0.83788
1979-02-16,0.71287
1979-02-23,0.60058
1979-03-02,0.50313
1979-03-09,0.42051
1979-03-16,0.35384
1979-03-23,0.30274
1979-03-30,0.26736
1979-04-06,0.24693
1979-04-13,0.24071
1979-04-20,0.24815
1979-04-27,0.2683
1979-05-04,0.30008
1979-05-11,0.34241
1979-05-18,0.39462
1979-05-25,0.45583
1979-06-01,0.52474
1979-06-08,0.59934
1979-06-15,0.6776
1979-06-22,0.75735
1979-06-29,0.83756
1979-07-06,0.91679
1979-07-13,0.99604
1979-07-20,1.07743
1979-07-27,1.16246
1979-08-03,1.25285
1979-08-10,1.34963
1979-08-17,1.45424
1979-08-24,1.56636
1979-08-31,1.68491
1979-09-07,1.80771
1979-09-14,1.93302
1979-09-21,2.05699
1979-09-28,2.17454
1979-10-05,2.28152
1979-10-12,2.37285
1979-10-19,2.44348
1979-10-26,2.48923
1979-11-02,2.50773
1979-11-09,2.49473
1979-11-16,2.45256
1979-11-23,2.38358
1979-11-30,2.29358
1979-12-07,2.18965
1979-12-14,2.07992
1979-12-21,1.974
1979-12-28,1.8784
1980-01-04,1.80165
1980-01-11,1.75377
1980-01-18,1.74124
1980-01-25,1.77251
1980-02-01,1.854
1980-02-08,1.98716
1980-02-15,2.17166
1980-02-22,2.40221
1980-02-29,2.66854
1980-03-07,2.95307
1980-03-14,3.23986
1980-03-21,3.50494
1980-03-28,3.72562
1980-04-04,3.88863
1980-04-11,3.97629
1980-04-18,3.98313
1980-04-25,3.91028
1980-05-02,3.76293
1980-05-09,3.55183
1980-05-16,3.29355
1980-05-23,3.00258
1980-05-30,2.69209
1980-06-06,2.37708
1980-06-13,2.06778
1980-06-20,1.77144
1980-06-27,1.50001
1980-07-04,1.26372
1980-07-11,1.06842
1980-07-18,0.92224
1980-07-25,0.82282
1980-08-01,0.76881
1980-08-08,0.75599
1980-08-15,0.77486
1980-08-22,0.81596
1980-08-29,0.87642
1980-09-05,0.94964
1980-09-12,1.02874
1980-09-19,1.11745
1980-09-26,1.21578
1980-10-03,1.32734
1980-10-10,1.45371
1980-10-17,1.60493
1980-10-24,1.77824
1980-10-31,1.97634
1980-11-07,2.19397
1980-11-14,2.41989
1980-11-21,2.64688
1980-11-28,2.86398
1980-12-05,3.04913
1980-12-12,3.19023
1980-12-19,3.28408
1980-12-26,3.30968
1981-01-02,3.27661
1981-01-09,3.18649
1981-01-16,3.05151
1981-01-23,2.88106
1981-01-30,2.69108
1981-02-06,2.49078
1981-02-13,2.29656
1981-02-20,2.1203
1981-02-27,1.9624
1981-03-06,1.83494
1981-03-13,1.74037
1981-03-20,1.68149
1981-03-27,1.66016
1981-04-03,1.67692
1981-04-10,1.72721
1981-04-17,1.81215
1981-04-24,1.92003
1981-05-01,2.04873
1981-05-08,2.19651
1981-05-15,2.35605
1981-05-22,2.52155
1981-05-29,2.69438
1981-06-05,2.86231
1981-06-12,3.02519
1981-06-19,3.17293
1981-06-26,3.29984
1981-07-03,3.39948
1981-07-10,3.47
1981-07-17,3.51022
1981-07-24,3.51808
1981-07-31,3.50081
1981-08-07,3.45806
1981-08-14,3.39673
1981-08-21,3.32357
1981-08-28,3.24679
1981-09-04,3.16941
1981-09-11,3.09896
1981-09-18,3.03266
1981-09-25,2.97095
1981-10-02,2.91656
1981-10-09,2.86192
1981-10-16,2.80945
1981-10-23,2.75575
1981-10-30,2.69658
1981-11-06,2.6277
1981-11-13,2.55073
1981-11-20,2.46566
1981-11-27,2.37754
1981-12-04,2.29212
1981-12-11,2.21094
1981-12-18,2.13457
1981-12-25,2.06656
1982-01-01,2.0052
1982-01-08,1.95392
1982-01-15,1.91875
1982-01-22,1.89891
1982-01-29,1.89818
1982-02-05,1.90969
1982-02-12,1.93346
1982-02-19,1.96466
1982-02-26,1.9988
1982-03-05,2.02957
1982-03-12,2.05615
1982-03-19,2.08043
1982-03-26,2.10169
1982-04-02,2.1204
1982-04-09,2.14316
1982-04-16,2.17109
1982-04-23,2.20671
1982-04-30,2.2541
1982-05-07,2.31558
1982-05-14,2.39263
1982-05-21,2.48405
1982-05-28,2.5816
1982-06-04,2.67816
1982-06-11,2.76995
1982-06-18,2.84799
1982-06-25,2.90671
1982-07-02,2.94568
1982-07-09,2.96958
1982-07-16,2.98336
1982-07-23,3.00038
1982-07-30,3.02979
1982-08-06,3.0797
1982-08-13,3.15141
1982-08-20,3.23637
1982-08-27,3.32505
1982-09-03,3.40033
1982-09-10,3.44334
1982-09-17,3.43722
1982-09-24,3.36535
1982-10-01,3.22201
1982-10-08,3.01123
1982-10-15,2.74601
1982-10-22,2.44803
1982-10-29,2.13903
1982-11-05,1.83932
1982-11-12,1.56396
1982-11-19,1.32315
1982-11-26,1.12119
1982-12-03,0.95543
1982-12-10,0.82092
1982-12-17,0.71066
1982-12-24,0.61467
1982-12-31,0.52789
1983-01-07,0.44669
1983-01-14,0.37048
1983-01-21,0.29923
1983-01-28,0.23453
1983-02-04,0.17719
1983-02-11,0.12857
1983-02-18,0.08994
1983-02-25,0.0612
1983-03-04,0.03991
1983-03-11,0.02561
1983-03-18,0.01561
1983-03-25,0.00541
1983-04-01,-0.00679
1983-04-08,-0.02345
1983-04-15,-0.04555
1983-04-22,-0.07259
1983-04-29,-0.10298
1983-05-06,-0.13387
1983-05-13,-0.16178
1983-05-20,-0.18369
1983-05-27,-0.19923
1983-06-03,-0.20567
1983-06-10,-0.20395
1983-06-17,-0.1956
1983-06-24,-0.18151
1983-07-01,-0.16292
1983-07-08,-0.14314
1983-07-15,-0.12333
1983-07-22,-0.1064
1983-07-29,-0.09353
1983-08-05,-0.08577
1983-08-12,-0.08295
1983-08-19,-0.08515
1983-08-26,-0.08987
1983-09-02,-0.09547
1983-09-09,-0.1
1983-09-16,-0.10165
1983-09-23,-0.098
1983-09-30,-0.0887
1983-10-07,-0.07288
1983-10-14,-0.05145
1983-10-21,-0.02504
1983-10-28,0.00227
1983-11-04,0.0302
1983-11-11,0.05514
1983-11-18,0.07622
1983-11-25,0.09207
1983-12-02,0.10116
1983-12-09,0.10276
1983-12-16,0.09608
1983-12-23,0.07966
1983-12-30,0.05338
1984-01-06,0.02013
1984-01-13,-0.01864
1984-01-20,-0.06061
1984-01-27,-0.10155
1984-02-03,-0.13853
1984-02-10,-0.1691
1984-02-17,-0.19022
1984-02-24,-0.20078
1984-03-02,-0.19889
1984-03-09,-0.183
1984-03-16,-0.15166
1984-03-23,-0.10406
1984-03-30,-0.03936
1984-04-06,0.04199
1984-04-13,0.13805
1984-04-20,0.24747
1984-04-27,0.36818
1984-05-04,0.49586
1984-05-11,0.62659
1984-05-18,0.75431
1984-05-25,0.87339
1984-06-01,0.97991
1984-06-08,1.06856
1984-06-15,1.13713
1984-06-22,1.18187
1984-06-29,1.19938
1984-07-06,1.18696
1984-07-13,1.14544
1984-07-20,1.08073
1984-07-27,0.99894
1984-08-03,0.90808
1984-08-10,0.81538
1984-08-17,0.72609
1984-08-24,0.64211
1984-08-31,0.565
1984-09-07,0.49604
1984-09-14,0.43312
1984-09-21,0.37369
1984-09-28,0.31644
1984-10-05,0.26072
1984-10-12,0.20545
1984-10-19,0.15121
1984-10-26,0.09957
1984-11-02,0.0511
1984-11-09,0.00539
1984-11-16,-0.03867
1984-11-23,-0.08101
1984-11-30,-0.12293
1984-12-07,-0.16359
1984-12-14,-0.20476
1984-12-21,-0.24597
1984-12-28,-0.28558
1985-01-04,-0.32324
1985-01-11,-0.35566
1985-01-18,-0.37967
1985-01-25,-0.39404
1985-02-01,-0.39775
1985-02-08,-0.39104
1985-02-15,-0.37661
1985-02-22,-0.35696
1985-03-01,-0.33476
1985-03-08,-0.31354
1985-03-15,-0.29646
1985-03-22,-0.28491
1985-03-29,-0.2806
1985-04-05,-0.28536
1985-04-12,-0.29859
1985-04-19,-0.31951
1985-04-26,-0.34604
1985-05-03,-0.37496
1985-05-10,-0.40507
1985-05-17,-0.43188
1985-05-24,-0.45389
1985-05-31,-0.46935
1985-06-07,-0.47679
1985-06-14,-0.47527
1985-06-21,-0.46551
1985-06-28,-0.44786
1985-07-05,-0.42423
1985-07-12,-0.39568
1985-07-19,-0.36285
1985-07-26,-0.32669
1985-08-02,-0.28906
1985-08-09,-0.25116
1985-08-16,-0.2151
1985-08-23,-0.18324
1985-08-30,-0.15787
1985-09-06,-0.14089
1985-09-13,-0.1341
1985-09-20,-0.13905
1985-09-27,-0.15468
1985-10-04,-0.18029
1985-10-11,-0.2125
1985-10-18,-0.24769
1985-10-25,-0.28201
1985-11-01,-0.31163
1985-11-08,-0.33352
1985-11-15,-0.34612
1985-11-22,-0.3484
1985-11-29,-0.34182
1985-12-06,-0.32859
1985-12-13,-0.31145
1985-12-20,-0.294
1985-12-27,-0.2777
1986-01-03,-0.2663
1986-01-10,-0.26003
1986-01-17,-0.25932
1986-01-24,-0.26388
1986-01-31,-0.27299
1986-02-07,-0.28408
1986-02-14,-0.29543
1986-02-21,-0.30574
1986-02-28,-0.31441
1986-03-07,-0.32184
1986-03-14,-0.32936
1986-03-21,-0.33817
1986-03-28,-0.35015
1986-04-04,-0.36717
1986-04-11,-0.38818
1986-04-18,-0.41177
1986-04-25,-0.43632
1986-05-02,-0.45841
1986-05-09,-0.47605
1986-05-16,-0.48758
1986-05-23,-0.4923
1986-05-30,-0.49061
1986-06-06,-0.48379
1986-06-13,-0.47359
1986-06-20,-0.46362
1986-06-27,-0.45781
1986-07-04,-0.4585
1986-07-11,-0.46669
1986-07-18,-0.48304
1986-07-25,-0.50587
1986-08-01,-0.53191
1986-08-08,-0.55735
1986-08-15,-0.57981
1986-08-22,-0.59566
1986-08-29,-0.60292
1986-09-05,-0.60163
1986-09-12,-0.59232
1986-09-19,-0.57975
1986-09-26,-0.56635
1986-10-03,-0.55516
1986-10-10,-0.54864
1986-10-17,-0.54733
1986-10-24,-0.54969
1986-10-31,-0.55448
1986-11-07,-0.56016
1986-11-14,-0.56472
1986-11-21,-0.56557
1986-11-28,-0.56261
1986-12-05,-0.55556
1986-12-12,-0.54567
1986-12-19,-0.53361
1986-12-26,-0.52104
1987-01-02,-0.51157
1987-01-09,-0.50426
1987-01-16,-0.50008
1987-01-23,-0.4983
1987-01-30,-0.49762
1987-02-06,-0.49527
1987-02-13,-0.48807
1987-02-20,-0.47245
1987-02-27,-0.44713
1987-03-06,-0.40879
1987-03-13,-0.35325
1987-03-20,-0.2788
1987-03-27,-0.18569
1987-04-03,-0.0751
1987-04-10,0.04675
1987-04-17,0.17422
1987-04-24,0.29784
1987-05-01,0.40737
1987-05-08,0.49873
1987-05-15,0.56413
1987-05-22,0.60336
1987-05-29,0.611
1987-06-05,0.59153
1987-06-12,0.5494
1987-06-19,0.487
1987-06-26,0.41375
1987-07-03,0.33397
1987-07-10,0.25392
1987-07-17,0.17564
1987-07-24,0.10326
1987-07-31,0.04227
1987-08-07,-0.00083
1987-08-14,-0.02258
1987-08-21,-0.01318
1987-08-28,0.02965
1987-09-04,0.10665
1987-09-11,0.21131
1987-09-18,0.33926
1987-09-25,0.48166
1987-10-02,0.63205
1987-10-09,0.77771
1987-10-16,0.90838
1987-10-23,1.01567
1987-10-30,1.09242
1987-11-06,1.13198
1987-11-13,1.14267
1987-11-20,1.13072
1987-11-27,1.09846
1987-12-04,1.05147
1987-12-11,0.9871
1987-12-18,0.9114
1987-12-25,0.82431
1988-01-01,0.7302
1988-01-08,0.63234
1988-01-15,0.53667
1988-01-22,0.44353
1988-01-29,0.35669
1988-02-05,0.27887
1988-02-12,0.21365
1988-02-19,0.16378
1988-02-26,0.12861
1988-03-04,0.10828
1988-03-11,0.10226
1988-03-18,0.10966
1988-03-25,0.1263
1988-04-01,0.15056
1988-04-08,0.17883
1988-04-15,0.205
1988-04-22,0.22721
1988-04-29,0.24143
1988-05-06,0.24848
1988-05-13,0.25062
1988-05-20,0.24983
1988-05-27,0.24913
1988-06-03,0.25209
1988-06-10,0.26009
1988-06-17,0.27456
1988-06-24,0.29627
1988-07-01,0.32389
1988-07-08,0.35383
1988-07-15,0.38274
1988-07-22,0.40736
1988-07-29,0.42359
1988-08-05,0.43051
1988-08-12,0.4272
1988-08-19,0.41409
1988-08-26,0.39171
1988-09-02,0.36351
1988-09-09,0.3316
1988-09-16,0.30039
1988-09-23,0.27262
1988-09-30,0.24859
1988-10-07,0.22804
1988-10-14,0.21032
1988-10-21,0.19493
1988-10-28,0.18169
1988-11-04,0.17053
1988-11-11,0.16198
1988-11-18,0.1552
1988-11-25,0.15061
1988-12-02,0.1466
1988-12-09,0.1436
1988-12-16,0.14042
1988-12-23,0.13849
1988-12-30,0.1376
1989-01-06,0.1399
1989-01-13,0.14668
1989-01-20,0.15999
1989-01-27,0.18307
1989-02-03,0.21881
1989-02-10,0.26814
1989-02-17,0.3309
1989-02-24,0.40294
1989-03-03,0.48063
1989-03-10,0.55642
1989-03-17,0.62498
1989-03-24,0.67882
1989-03-31,0.71218
1989-04-07,0.72224
1989-04-14,0.7078
1989-04-21,0.66923
1989-04-28,0.61488
1989-05-05,0.54794
1989-05-12,0.47846
1989-05-19,0.41227
1989-05-26,0.35665
1989-06-02,0.31481
1989-06-09,0.28723
1989-06-16,0.27063
1989-06-23,0.2609
1989-06-30,0.25247
1989-07-07,0.24284
1989-07-14,0.22947
1989-07-21,0.21506
1989-07-28,0.20288
1989-08-04,0.19524
1989-08-11,0.19728
1989-08-18,0.20956
1989-08-25,0.23192
1989-09-01,0.26279
1989-09-08,0.29729
1989-09-15,0.33124
1989-09-22,0.35808
1989-09-29,0.37509
1989-10-06,0.3782
1989-10-13,0.3654
1989-10-20,0.33742
1989-10-27,0.29656
1989-11-03,0.24679
1989-11-10,0.19411
1989-11-17,0.1426
1989-11-24,0.0972
1989-12-01,0.06092
1989-12-08,0.03581
1989-12-15,0.02183
1989-12-22,0.01811
1989-12-29,0.02196
1990-01-05,0.03172
1990-01-12,0.04338
1990-01-19,0.05322
1990-01-26,0.06042
1990-02-02,0.06226
1990-02-09,0.05944
1990-02-16,0.05365
1990-02-23,0.04705
1990-03-02,0.0424
1990-03-09,0.04156
1990-03-16,0.04706
1990-03-23,0.05795
1990-03-30,0.07304
1990-04-06,0.08977
1990-04-13,0.10255
1990-04-20,0.10939
1990-04-27,0.10673
1990-05-04,0.09216
1990-05-11,0.06651
1990-05-18,0.03145
1990-05-25,-0.00975
1990-06-01,-0.05299
1990-06-08,-0.09312
1990-06-15,-0.12612
1990-06-22,-0.1491
1990-06-29,-0.1592
1990-07-06,-0.15593
1990-07-13,-0.14048
1990-07-20,-0.1135
1990-07-27,-0.07676
1990-08-03,-0.03262
1990-08-10,0.01765
1990-08-17,0.07013
1990-08-24,0.12476
1990-08-31,0.1787
1990-09-07,0.23227
1990-09-14,0.28339
1990-09-21,0.33124
1990-09-28,0.37458
1990-10-05,0.4078
1990-10-12,0.43134
1990-10-19,0.44566
1990-10-26,0.45069
1990-11-02,0.45101
1990-11-09,0.45019
1990-11-16,0.45013
1990-11-23,0.45438
1990-11-30,0.46503
1990-12-07,0.47799
1990-12-14,0.49316
1990-12-21,0.50839
1990-12-28,0.51587
1991-01-04,0.50871
1991-01-11,0.48768
1991-01-18,0.4483
1991-01-25,0.38905
1991-02-01,0.32017
1991-02-08,0.24484
1991-02-15,0.16932
1991-02-22,0.0982
1991-03-01,0.03402
1991-03-08,-0.0234
1991-03-15,-0.07331
1991-03-22,-0.11579
1991-03-29,-0.15181
1991-04-05,-0.18133
1991-04-12,-0.20544
1991-04-19,-0.225
1991-04-26,-0.23875
1991-05-03,-0.24744
1991-05-10,-0.25108
1991-05-17,-0.24979
1991-05-24,-0.24556
1991-05-31,-0.24057
1991-06-07,-0.23819
1991-06-14,-0.24121
1991-06-21,-0.25248
1991-06-28,-0.27221
1991-07-05,-0.30141
1991-07-12,-0.33708
1991-07-19,-0.37721
1991-07-26,-0.41772
1991-08-02,-0.45524
1991-08-09,-0.48769
1991-08-16,-0.51277
1991-08-23,-0.53069
1991-08-30,-0.54338
1991-09-06,-0.55057
1991-09-13,-0.55596
1991-09-20,-0.55965
1991-09-27,-0.56272
1991-10-04,-0.56575
1991-10-11,-0.57046
1991-10-18,-0.57636
1991-10-25,-0.58353
1991-11-01,-0.59233
1991-11-08,-0.60178
1991-11-15,-0.6114
1991-11-22,-0.62089
1991-11-29,-0.63085
1991-12-06,-0.64123
1991-12-13,-0.65164
1991-12-20,-0.65951
1991-12-27,-0.66642
1992-01-03,-0.66838
1992-01-10,-0.66919
1992-01-17,-0.6664
1992-01-24,-0.66306
1992-01-31,-0.6606
1992-02-07,-0.65869
1992-02-14,-0.6579
1992-02-21,-0.65782
1992-02-28,-0.65914
1992-03-06,-0.66207
1992-03-13,-0.66667
1992-03-20,-0.67479
1992-03-27,-0.68667
1992-04-03,-0.70196
1992-04-10,-0.72084
1992-04-17,-0.74165
1992-04-24,-0.76396
1992-05-01,-0.78674
1992-05-08,-0.80826
1992-05-15,-0.8283
1992-05-22,-0.84671
1992-05-29,-0.86273
1992-06-05,-0.87742
1992-06-12,-0.89185
1992-06-19,-0.90556
1992-06-26,-0.91816
1992-07-03,-0.92887
1992-07-10,-0.93651
1992-07-17,-0.94152
1992-07-24,-0.94307
1992-07-31,-0.94141
1992-08-07,-0.93629
1992-08-14,-0.92824
1992-08-21,-0.91663
1992-08-28,-0.90149
1992-09-04,-0.88286
1992-09-11,-0.86126
1992-09-18,-0.83545
1992-09-25,-0.80622
1992-10-02,-0.77506
1992-10-09,-0.74481
1992-10-16,-0.71773
1992-10-23,-0.6969
1992-10-30,-0.68501
1992-11-06,-0.68379
1992-11-13,-0.69238
1992-11-20,-0.7111
1992-11-27,-0.73908
1992-12-04,-0.77417
1992-12-11,-0.81316
1992-12-18,-0.85103
1992-12-25,-0.88549
1993-01-01,-0.91353
1993-01-08,-0.93387
1993-01-15,-0.94818
1993-01-22,-0.95673
1993-01-29,-0.96024
1993-02-05,-0.96087
1993-02-12,-0.96008
1993-02-19,-0.95878
1993-02-26,-0.95962
1993-03-05,-0.96178
1993-03-12,-0.96583
1993-03-19,-0.97156
1993-03-26,-0.97853
1993-04-02,-0.98533
1993-04-09,-0.99156
1993-04-16,-0.99599
1993-04-23,-0.99762
1993-04-30,-0.99731
1993-05-07,-0.99411
1993-05-14,-0.98983
1993-05-21,-0.98633
1993-05-28,-0.98507
1993-06-04,-0.98744
1993-06-11,-0.99512
1993-06-18,-1.00773
1993-06-25,-1.02356
1993-07-02,-1.04093
1993-07-09,-1.05856
1993-07-16,-1.0741
1993-07-23,-1.08674
1993-07-30,-1.09507
1993-08-06,-1.09954
1993-08-13,-1.10042
1993-08-20,-1.09816
1993-08-27,-1.09326
1993-09-03,-1.08655
1993-09-10,-1.07793
1993-09-17,-1.06695
1993-09-24,-1.05417
1993-10-01,-1.0396
1993-10-08,-1.02386
1993-10-15,-1.00671
1993-10-22,-0.98873
1993-10-29,-0.97099
1993-11-05,-0.95549
1993-11-12,-0.94456
1993-11-19,-0.93943
1993-11-26,-0.94133
1993-12-03,-0.94958
1993-12-10,-0.96261
1993-12-17,-0.97846
1993-12-24,-0.99442
1993-12-31,-1.00826
1994-01-07,-1.01859
1994-01-14,-1.02457
1994-01-21,-1.02383
1994-01-28,-1.01697
1994-02-04,-1.00278
1994-02-11,-0.98139
1994-02-18,-0.95492
1994-02-25,-0.92441
1994-03-04,-0.89091
1994-03-11,-0.85714
1994-03-18,-0.82497
1994-03-25,-0.79544
1994-04-01,-0.77019
1994-04-08,-0.75124
1994-04-15,-0.7383
1994-04-22,-0.73003
1994-04-29,-0.72692
1994-05-06,-0.72508
1994-05-13,-0.72483
1994-05-20,-0.72612
1994-05-27,-0.72689
1994-06-03,-0.7256
1994-06-10,-0.72455
1994-06-17,-0.72211
1994-06-24,-0.72064
1994-07-01,-0.72176
1994-07-08,-0.72854
1994-07-15,-0.74066
1994-07-22,-0.75723
1994-07-29,-0.77525
1994-08-05,-0.79196
1994-08-12,-0.80539
1994-08-19,-0.81259
1994-08-26,-0.81138
1994-09-02,-0.8012
1994-09-09,-0.78239
1994-09-16,-0.75613
1994-09-23,-0.72625
1994-09-30,-0.69542
1994-10-07,-0.66724
1994-10-14,-0.64319
1994-10-21,-0.62265
1994-10-28,-0.60356
1994-11-04,-0.58429
1994-11-11,-0.5624
1994-11-18,-0.5368
1994-11-25,-0.50754
1994-12-02,-0.47698
1994-12-09,-0.44692
1994-12-16,-0.4234
1994-12-23,-0.40876
1994-12-30,-0.4063
1995-01-06,-0.41715
1995-01-13,-0.44004
1995-01-20,-0.47144
1995-01-27,-0.50736
1995-02-03,-0.5441
1995-02-10,-0.57775
1995-02-17,-0.60527
1995-02-24,-0.62564
1995-03-03,-0.63772
1995-03-10,-0.64262
1995-03-17,-0.64366
1995-03-24,-0.64238
1995-03-31,-0.64207
1995-04-07,-0.64438
1995-04-14,-0.65092
1995-04-21,-0.6617
1995-04-28,-0.67546
1995-05-05,-0.69011
1995-05-12,-0.70376
1995-05-19,-0.7131
1995-05-26,-0.71705
1995-06-02,-0.71428
1995-06-09,-0.70718
1995-06-16,-0.69647
1995-06-23,-0.68605
1995-06-30,-0.67751
1995-07-07,-0.67268
1995-07-14,-0.67343
1995-07-21,-0.6778
1995-07-28,-0.68491
1995-08-04,-0.69437
1995-08-11,-0.70389
1995-08-18,-0.71158
1995-08-25,-0.71664
1995-09-01,-0.71788
1995-09-08,-0.71597
1995-09-15,-0.71217
1995-09-22,-0.70678
1995-09-29,-0.70221
1995-10-06,-0.7011
1995-10-13,-0.70316
1995-10-20,-0.70909
1995-10-27,-0.71811
1995-11-03,-0.72996
1995-11-10,-0.74207
1995-11-17,-0.75129
1995-11-24,-0.75702
1995-12-01,-0.75835
1995-12-08,-0.75611
1995-12-15,-0.75145
1995-12-22,-0.74758
1995-12-29,-0.74706
1996-01-05,-0.75276
1996-01-12,-0.76315
1996-01-19,-0.77802
1996-01-26,-0.7958
1996-02-02,-0.8124
1996-02-09,-0.82381
1996-02-16,-0.8282
1996-02-23,-0.82414
1996-03-01,-0.8108
1996-03-08,-0.79165
1996-03-15,-0.76807
1996-03-22,-0.74474
1996-03-29,-0.72323
1996-04-05,-0.70598
1996-04-12,-0.6935
1996-04-19,-0.68785
1996-04-26,-0.68907
1996-05-03,-0.69464
1996-05-10,-0.70303
1996-05-17,-0.71181
1996-05-24,-0.71793
1996-05-31,-0.72031
1996-06-07,-0.71823
1996-06-14,-0.71404
1996-06-21,-0.70871
1996-06-28,-0.70458
1996-07-05,-0.70221
1996-07-12,-0.70284
1996-07-19,-0.70776
1996-07-26,-0.71619
1996-08-02,-0.72607
1996-08-09,-0.73713
1996-08-16,-0.74527
1996-08-23,-0.74945
1996-08-30,-0.74913
1996-09-06,-0.74484
1996-09-13,-0.73981
1996-09-20,-0.73553
1996-09-27,-0.73408
1996-10-04,-0.73713
1996-10-11,-0.74482
1996-10-18,-0.75537
1996-10-25,-0.76741
1996-11-01,-0.77867
1996-11-08,-0.7866
1996-11-15,-0.78892
1996-11-22,-0.78499
1996-11-29,-0.77452
1996-12-06,-0.75901
1996-12-13,-0.74107
1996-12-20,-0.72401
1996-12-27,-0.71002
1997-01-03,-0.70029
1997-01-10,-0.69564
1997-01-17,-0.69733
1997-01-24,-0.70383
1997-01-31,-0.71351
1997-02-07,-0.7242
1997-02-14,-0.73415
1997-02-21,-0.73968
1997-02-28,-0.74007
1997-03-07,-0.73451
1997-03-14,-0.72407
1997-03-21,-0.71018
1997-03-28,-0.69459
1997-04-04,-0.67828
1997-04-11,-0.6637
1997-04-18,-0.65133
1997-04-25,-0.64172
1997-05-02,-0.63591
1997-05-09,-0.63222
1997-05-16,-0.63059
1997-05-23,-0.63043
1997-05-30,-0.63081
1997-06-06,-0.63212
1997-06-13,-0.63494
1997-06-20,-0.63871
1997-06-27,-0.64311
1997-07-04,-0.6487
1997-07-11,-0.6533
1997-07-18,-0.65735
1997-07-25,-0.66041
1997-08-01,-0.66171
1997-08-08,-0.66131
1997-08-15,-0.65915
1997-08-22,-0.65566
1997-08-29,-0.65079
1997-09-05,-0.64486
1997-09-12,-0.63743
1997-09-19,-0.62813
1997-09-26,-0.61613
1997-10-03,-0.60119
1997-10-10,-0.58233
1997-10-17,-0.5604
1997-10-24,-0.5369
1997-10-31,-0.51399
1997-11-07,-0.49602
1997-11-14,-0.48241
1997-11-21,-0.47594
1997-11-28,-0.47562
1997-12-05,-0.48034
1997-12-12,-0.48841
1997-12-19,-0.50045
1997-12-26,-0.51571
1998-01-02,-0.53219
1998-01-09,-0.54904
1998-01-16,-0.56742
1998-01-23,-0.58489
1998-01-30,-0.60181
1998-02-06,-0.61733
1998-02-13,-0.62948
1998-02-20,-0.63818
1998-02-27,-0.64262
1998-03-06,-0.64202
1998-03-13,-0.63901
1998-03-20,-0.63495
1998-03-27,-0.62952
1998-04-03,-0.624
1998-04-10,-0.61882
1998-04-17,-0.61341
1998-04-24,-0.60744
1998-05-01,-0.60115
1998-05-08,-0.59483
1998-05-15,-0.58849
1998-05-22,-0.58197
1998-05-29,-0.57437
1998-06-05,-0.56826
1998-06-12,-0.56328
1998-06-19,-0.56043
1998-06-26,-0.55897
1998-07-03,-0.55839
1998-07-10,-0.55617
1998-07-17,-0.5498
1998-07-24,-0.53608
1998-07-31,-0.5132
1998-08-07,-0.47891
1998-08-14,-0.43335
1998-08-21,-0.37802
1998-08-28,-0.31499
1998-09-04,-0.24911
1998-09-11,-0.18443
1998-09-18,-0.1234
1998-09-25,-0.06947
1998-10-02,-0.0263
1998-10-09,0.00349
1998-10-16,0.01624
1998-10-23,0.01088
1998-10-30,-0.00763
1998-11-06,-0.03452
1998-11-13,-0.06263
1998-11-20,-0.0918
1998-11-27,-0.11745
1998-12-04,-0.13857
1998-12-11,-0.15769
1998-12-18,-0.17563
1998-12-25,-0.19343
1999-01-01,-0.20998
1999-01-08,-0.22477
1999-01-15,-0.24034
1999-01-22,-0.25697
1999-01-29,-0.27557
1999-02-05,-0.29554
1999-02-12,-0.31629
1999-02-19,-0.33724
1999-02-26,-0.35659
1999-03-05,-0.37315
1999-03-12,-0.38748
1999-03-19,-0.39874
1999-03-26,-0.4071
1999-04-02,-0.41342
1999-04-09,-0.41836
1999-04-16,-0.42261
1999-04-23,-0.42608
1999-04-30,-0.42858
1999-05-07,-0.4287
1999-05-14,-0.42467
1999-05-21,-0.41621
1999-05-28,-0.40382
1999-06-04,-0.38871
1999-06-11,-0.37172
1999-06-18,-0.35348
1999-06-25,-0.33374
1999-07-02,-0.31241
1999-07-09,-0.28877
1999-07-16,-0.26277
1999-07-23,-0.23682
1999-07-30,-0.2129
1999-08-06,-0.19144
1999-08-13,-0.17459
1999-08-20,-0.16196
1999-08-27,-0.15122
1999-09-03,-0.13985
1999-09-10,-0.12709
1999-09-17,-0.11409
1999-09-24,-0.10175
1999-10-01,-0.0911
1999-10-08,-0.08475
1999-10-15,-0.08673
1999-10-22,-0.09636
1999-10-29,-0.11177
1999-11-05,-0.12978
1999-11-12,-0.14766
1999-11-19,-0.16246
1999-11-26,-0.17005
1999-12-03,-0.17221
1999-12-10,-0.17058
1999-12-17,-0.16923
1999-12-24,-0.16961
1999-12-31,-0.1731
2000-01-07,-0.18293
2000-01-14,-0.19419
2000-01-21,-0.20452
2000-01-28,-0.21182
2000-02-04,-0.21368
2000-02-11,-0.21142
2000-02-18,-0.2037
2000-02-25,-0.19096
2000-03-03,-0.175
2000-03-10,-0.15503
2000-03-17,-0.1329
2000-03-24,-0.1107
2000-03-31,-0.08984
2000-04-07,-0.07401
2000-04-14,-0.05967
2000-04-21,-0.04668
2000-04-28,-0.0327
2000-05-05,-0.01679
2000-05-12,-0.00143
2000-05-19,0.01291
2000-05-26,0.02507
2000-06-02,0.03251
2000-06-09,0.03378
2000-06-16,0.02912
2000-06-23,0.0173
2000-06-30,-0.00078
2000-07-07,-0.02565
2000-07-14,-0.05491
2000-07-21,-0.08559
2000-07-28,-0.11617
2000-08-04,-0.14434
2000-08-11,-0.16855
2000-08-18,-0.18681
2000-08-25,-0.19918
2000-09-01,-0.20655
2000-09-08,-0.20854
2000-09-15,-0.2071
2000-09-22,-0.2027
2000-09-29,-0.19665
2000-10-06,-0.1898
2000-10-13,-0.18173
2000-10-20,-0.17503
2000-10-27,-0.1681
2000-11-03,-0.15857
2000-11-10,-0.14539
2000-11-17,-0.12775
2000-11-24,-0.10715
2000-12-01,-0.08666
2000-12-08,-0.07102
2000-12-15,-0.06528
2000-12-22,-0.07037
2000-12-29,-0.09061
2001-01-05,-0.12032
2001-01-12,-0.15606
2001-01-19,-0.19298
2001-01-26,-0.22639
2001-02-02,-0.2534
2001-02-09,-0.27205
2001-02-16,-0.28115
2001-02-23,-0.2804
2001-03-02,-0.27425
2001-03-09,-0.26537
2001-03-16,-0.2563
2001-03-23,-0.25213
2001-03-30,-0.25552
2001-04-06,-0.2652
2001-04-13,-0.28434
2001-04-20,-0.30882
2001-04-27,-0.33571
2001-05-04,-0.36377
2001-05-11,-0.38915
2001-05-18,-0.40907
2001-05-25,-0.42503
2001-06-01,-0.43629
2001-06-08,-0.44402
2001-06-15,-0.44987
2001-06-22,-0.45551
2001-06-29,-0.46224
2001-07-06,-0.47135
2001-07-13,-0.48175
2001-07-20,-0.49225
2001-07-27,-0.50184
2001-08-03,-0.50678
2001-08-10,-0.50263
2001-08-17,-0.48895
2001-08-24,-0.46486
2001-08-31,-0.43391
2001-09-07,-0.39993
2001-09-14,-0.36776
2001-09-21,-0.34555
2001-09-28,-0.33912
2001-10-05,-0.3415
2001-10-12,-0.35304
2001-10-19,-0.36892
2001-10-26,-0.38564
2001-11-02,-0.39744
2001-11-09,-0.40289
2001-11-16,-0.40126
2001-11-23,-0.39121
2001-11-30,-0.37737
2001-12-07,-0.36468
2001-12-14,-0.35832
2001-12-21,-0.36057
2001-12-28,-0.37394
2002-01-04,-0.39422
2002-01-11,-0.4198
2002-01-18,-0.44526
2002-01-25,-0.46644
2002-02-01,-0.48154
2002-02-08,-0.49052
2002-02-15,-0.49483
2002-02-22,-0.49504
2002-03-01,-0.49444
2002-03-08,-0.49347
2002-03-15,-0.49407
2002-03-22,-0.49823
2002-03-29,-0.50649
2002-04-05,-0.51984
2002-04-12,-0.53848
2002-04-19,-0.56035
2002-04-26,-0.58321
2002-05-03,-0.60554
2002-05-10,-0.622
2002-05-17,-0.63257
2002-05-24,-0.63448
2002-05-31,-0.62832
2002-06-07,-0.61412
2002-06-14,-0.59374
2002-06-21,-0.56895
2002-06-28,-0.5415
2002-07-05,-0.51356
2002-07-12,-0.48625
2002-07-19,-0.4624
2002-07-26,-0.44189
2002-08-02,-0.42759
2002-08-09,-0.41635
2002-08-16,-0.40895
2002-08-23,-0.40098
2002-08-30,-0.3926
2002-09-06,-0.38198
2002-09-13,-0.37128
2002-09-20,-0.36167
2002-09-27,-0.35578
2002-10-04,-0.35509
2002-10-11,-0.36094
2002-10-18,-0.37361
2002-10-25,-0.38931
2002-11-01,-0.40786
2002-11-08,-0.42575
2002-11-15,-0.44121
2002-11-22,-0.45199
2002-11-29,-0.45831
2002-12-06,-0.46071
2002-12-13,-0.4639
2002-12-20,-0.46764
2002-12-27,-0.4743
2003-01-03,-0.48495
2003-01-10,-0.49808
2003-01-17,-0.51044
2003-01-24,-0.52002
2003-01-31,-0.52709
2003-02-07,-0.53092
2003-02-14,-0.53349
2003-02-21,-0.53614
2003-02-28,-0.54039
2003-03-07,-0.54705
2003-03-14,-0.55713
2003-03-21,-0.57187
2003-03-28,-0.59149
2003-04-04,-0.61485
2003-04-11,-0.64047
2003-04-18,-0.66515
2003-04-25,-0.68657
2003-05-02,-0.70287
2003-05-09,-0.71253
2003-05-16,-0.71699
2003-05-23,-0.71746
2003-05-30,-0.71608
2003-06-06,-0.71422
2003-06-13,-0.71355
2003-06-20,-0.71503
2003-06-27,-0.7177
2003-07-04,-0.72067
2003-07-11,-0.72223
2003-07-18,-0.72051
2003-07-25,-0.71548
2003-08-01,-0.7056
2003-08-08,-0.69538
2003-08-15,-0.6853
2003-08-22,-0.67717
2003-08-29,-0.67203
2003-09-05,-0.67057
2003-09-12,-0.67289
2003-09-19,-0.67822
2003-09-26,-0.68517
2003-10-03,-0.69301
2003-10-10,-0.70161
2003-10-17,-0.70959
2003-10-24,-0.71526
2003-10-31,-0.71973
2003-11-07,-0.72185
2003-11-14,-0.72202
2003-11-21,-0.72081
2003-11-28,-0.71949
2003-12-05,-0.71764
2003-12-12,-0.7184
2003-12-19,-0.72173
2003-12-26,-0.72804
2004-01-02,-0.73799
2004-01-09,-0.75123
2004-01-16,-0.7651
2004-01-23,-0.77846
2004-01-30,-0.79073
2004-02-06,-0.80066
2004-02-13,-0.80934
2004-02-20,-0.81544
2004-02-27,-0.81892
2004-03-05,-0.81956
2004-03-12,-0.81806
2004-03-19,-0.81388
2004-03-26,-0.80728
2004-04-02,-0.79883
2004-04-09,-0.78782
2004-04-16,-0.77437
2004-04-23,-0.75912
2004-04-30,-0.74367
2004-05-07,-0.72874
2004-05-14,-0.71607
2004-05-21,-0.70604
2004-05-28,-0.69895
2004-06-04,-0.6942
2004-06-11,-0.69158
2004-06-18,-0.69021
2004-06-25,-0.69064
2004-07-02,-0.69198
2004-07-09,-0.69398
2004-07-16,-0.69577
2004-07-23,-0.6978
2004-07-30,-0.69985
2004-08-06,-0.70103
2004-08-13,-0.70282
2004-08-20,-0.70408
2004-08-27,-0.70511
2004-09-03,-0.7048
2004-09-10,-0.70466
2004-09-17,-0.7043
2004-09-24,-0.70367
2004-10-01,-0.70287
2004-10-08,-0.70278
2004-10-15,-0.70349
2004-10-22,-0.70605
2004-10-29,-0.70919
2004-11-05,-0.71276
2004-11-12,-0.71696
2004-11-19,-0.71916
2004-11-26,-0.71982
2004-12-03,-0.71823
2004-12-10,-0.71522
2004-12-17,-0.71046
2004-12-24,-0.70523
2004-12-31,-0.70109
2005-01-07,-0.69875
2005-01-14,-0.69922
2005-01-21,-0.70173
2005-01-28,-0.70632
2005-02-04,-0.71182
2005-02-11,-0.71578
2005-02-18,-0.71656
2005-02-25,-0.71376
2005-03-04,-0.70674
2005-03-11,-0.6964
2005-03-18,-0.68302
2005-03-25,-0.66851
2005-04-01,-0.65409
2005-04-08,-0.64075
2005-04-15,-0.62901
2005-04-22,-0.61949
2005-04-29,-0.61238
2005-05-06,-0.60718
2005-05-13,-0.60353
2005-05-20,-0.60191
2005-05-27,-0.60229
2005-06-03,-0.60302
2005-06-10,-0.60448
2005-06-17,-0.60568
2005-06-24,-0.60722
2005-07-01,-0.60912
2005-07-08,-0.61063
2005-07-15,-0.61355
2005-07-22,-0.6155
2005-07-29,-0.61658
2005-08-05,-0.61552
2005-08-12,-0.61299
2005-08-19,-0.60791
2005-08-26,-0.60124
2005-09-02,-0.59335
2005-09-09,-0.5855
2005-09-16,-0.57805
2005-09-23,-0.57215
2005-09-30,-0.56903
2005-10-07,-0.56977
2005-10-14,-0.57391
2005-10-21,-0.57982
2005-10-28,-0.5861
2005-11-04,-0.59018
2005-11-11,-0.59173
2005-11-18,-0.5892
2005-11-25,-0.58425
2005-12-02,-0.5776
2005-12-09,-0.57104
2005-12-16,-0.56609
2005-12-23,-0.56457
2005-12-30,-0.56624
2006-01-06,-0.57238
2006-01-13,-0.58216
2006-01-20,-0.59279
2006-01-27,-0.60495
2006-02-03,-0.61574
2006-02-10,-0.62431
2006-02-17,-0.63089
2006-02-24,-0.63501
2006-03-03,-0.6362
2006-03-10,-0.63575
2006-03-17,-0.63442
2006-03-24,-0.63286
2006-03-31,-0.63031
2006-04-07,-0.62814
2006-04-14,-0.62579
2006-04-21,-0.62399
2006-04-28,-0.62121
2006-05-05,-0.61595
2006-05-12,-0.60861
2006-05-19,-0.59718
2006-05-26,-0.58373
2006-06-02,-0.56941
2006-06-09,-0.55561
2006-06-16,-0.5431
2006-06-23,-0.53414
2006-06-30,-0.53003
2006-07-07,-0.53065
2006-07-14,-0.53647
2006-07-21,-0.54667
2006-07-28,-0.56029
2006-08-04,-0.57453
2006-08-11,-0.58776
2006-08-18,-0.59831
2006-08-25,-0.60518
2006-09-01,-0.60807
2006-09-08,-0.60809
2006-09-15,-0.60693
2006-09-22,-0.60631
2006-09-29,-0.60732
2006-10-06,-0.61084
2006-10-13,-0.61693
2006-10-20,-0.62353
2006-10-27,-0.62985
2006-11-03,-0.63355
2006-11-10,-0.63478
2006-11-17,-0.63329
2006-11-24,-0.62972
2006-12-01,-0.62542
2006-12-08,-0.62262
2006-12-15,-0.62319
2006-12-22,-0.62772
2006-12-29,-0.63616
2007-01-05,-0.64798
2007-01-12,-0.66109
2007-01-19,-0.67342
2007-01-26,-0.68285
2007-02-02,-0.68658
2007-02-09,-0.68505
2007-02-16,-0.67723
2007-02-23,-0.66462
2007-03-02,-0.64883
2007-03-09,-0.6343
2007-03-16,-0.62212
2007-03-23,-0.61383
2007-03-30,-0.60798
2007-04-06,-0.60423
2007-04-13,-0.60059
2007-04-20,-0.59614
2007-04-27,-0.58956
2007-05-04,-0.58074
2007-05-11,-0.57217
2007-05-18,-0.56316
2007-05-25,-0.55459
2007-06-01,-0.54811
2007-06-08,-0.54501
2007-06-15,-0.54126
2007-06-22,-0.5359
2007-06-29,-0.5239
2007-07-06,-0.49935
2007-07-13,-0.45492
2007-07-20,-0.38671
2007-07-27,-0.29287
2007-08-03,-0.18058
2007-08-10,-0.05975
2007-08-17,0.0591
2007-08-24,0.1544
2007-08-31,0.20661
2007-09-07,0.22259
2007-09-14,0.19858
2007-09-21,0.14135
2007-09-28,0.07565
2007-10-05,0.01467
2007-10-12,-0.02584
2007-10-19,-0.03265
2007-10-26,-0.00183
2007-11-02,0.06522
2007-11-09,0.16351
2007-11-16,0.27468
2007-11-23,0.38751
2007-11-30,0.48115
2007-12-07,0.54422
2007-12-14,0.57069
2007-12-21,0.55998
2007-12-28,0.52018
2008-01-04,0.47247
2008-01-11,0.42796
2008-01-18,0.4048
2008-01-25,0.41285
2008-02-01,0.4431
2008-02-08,0.50491
2008-02-15,0.58991
2008-02-22,0.68918
2008-02-29,0.78933
2008-03-07,0.88072
2008-03-14,0.9414
2008-03-21,0.96502
2008-03-28,0.94339
2008-04-04,0.88927
2008-04-11,0.8145
2008-04-18,0.73145
2008-04-25,0.64553
2008-05-02,0.5703
2008-05-09,0.51578
2008-05-16,0.48336
2008-05-23,0.47857
2008-05-30,0.50003
2008-06-06,0.54607
2008-06-13,0.60047
2008-06-20,0.6575
2008-06-27,0.71023
2008-07-04,0.743
2008-07-11,0.75226
2008-07-18,0.74257
2008-07-25,0.71421
2008-08-01,0.68333
2008-08-08,0.66734
2008-08-15,0.67446
2008-08-22,0.72956
2008-08-29,0.83666
2008-09-05,1.00332
2008-09-12,1.22378
2008-09-19,1.50751
2008-09-26,1.78895
2008-10-03,2.06944
2008-10-10,2.32035
2008-10-17,2.51434
2008-10-24,2.65403
2008-10-31,2.77286
2008-11-07,2.86389
2008-11-14,2.9439
2008-11-21,3.02113
2008-11-28,3.04873
2008-12-05,3.0426
2008-12-12,2.9781
2008-12-19,2.85346
2008-12-26,2.69372
2009-01-02,2.54111
2009-01-09,2.38939
2009-01-16,2.26684
2009-01-23,2.17791
2009-01-30,2.11923
2009-02-06,2.08988
2009-02-13,2.09151
2009-02-20,2.10948
2009-02-27,2.12706
2009-03-06,2.13235
2009-03-13,2.09559
2009-03-20,2.02333
2009-03-27,1.91813
2009-04-03,1.79362
2009-04-10,1.65358
2009-04-17,1.51201
2009-04-24,1.37322
2009-05-01,1.23824
2009-05-08,1.11423
2009-05-15,1.0127
2009-05-22,0.92847
2009-05-29,0.86915
2009-06-05,0.82208
2009-06-12,0.7866
2009-06-19,0.75676
2009-06-26,0.72013
2009-07-03,0.67476
2009-07-10,0.61955
2009-07-17,0.55262
2009-07-24,0.48081
2009-07-31,0.41197
2009-08-07,0.35213
2009-08-14,0.3034
2009-08-21,0.26306
2009-08-28,0.22654
2009-09-04,0.19431
2009-09-11,0.16101
2009-09-18,0.12788
2009-09-25,0.09877
2009-10-02,0.07658
2009-10-09,0.05592
2009-10-16,0.03911
2009-10-23,0.02608
2009-10-30,0.01837
2009-11-06,0.00952
2009-11-13,-0.00237
2009-11-20,-0.01647
2009-11-27,-0.03529
2009-12-04,-0.06028
2009-12-11,-0.09169
2009-12-18,-0.12482
2009-12-25,-0.15609
2010-01-01,-0.18147
2010-01-08,-0.2018
2010-01-15,-0.21102
2010-01-22,-0.20919
2010-01-29,-0.20439
2010-02-05,-0.20011
2010-02-12,-0.20298
2010-02-19,-0.22001
2010-02-26,-0.24888
2010-03-05,-0.28897
2010-03-12,-0.33547
2010-03-19,-0.38136
2010-03-26,-0.4223
2010-04-02,-0.45079
2010-04-09,-0.46259
2010-04-16,-0.4513
2010-04-23,-0.41546
2010-04-30,-0.35589
2010-05-07,-0.27831
2010-05-14,-0.20128
2010-05-21,-0.12764
2010-05-28,-0.07288
2010-06-04,-0.04192
2010-06-11,-0.03309
2010-06-18,-0.04804
2010-06-25,-0.07571
2010-07-02,-0.11041
2010-07-09,-0.1524
2010-07-16,-0.193
2010-07-23,-0.22645
2010-07-30,-0.25107
2010-08-06,-0.26537
2010-08-13,-0.27011
2010-08-20,-0.27129
2010-08-27,-0.27331
2010-09-03,-0.28058
2010-09-10,-0.29543
2010-09-17,-0.31481
2010-09-24,-0.33683
2010-10-01,-0.36099
2010-10-08,-0.38486
2010-10-15,-0.40672
2010-10-22,-0.42435
2010-10-29,-0.43817
2010-11-05,-0.44736
2010-11-12,-0.45069
2010-11-19,-0.45277
2010-11-26,-0.45523
2010-12-03,-0.46116
2010-12-10,-0.47311
2010-12-17,-0.48857
2010-12-24,-0.5081
2010-12-31,-0.52933
2011-01-07,-0.55098
2011-01-14,-0.57125
2011-01-21,-0.58864
2011-01-28,-0.60067
2011-02-04,-0.60561
2011-02-11,-0.60388
2011-02-18,-0.59428
2011-02-25,-0.57901
2011-03-04,-0.5651
2011-03-11,-0.55432
2011-03-18,-0.54866
2011-03-25,-0.55355
2011-04-01,-0.56432
2011-04-08,-0.57871
2011-04-15,-0.59213
2011-04-22,-0.60163
2011-04-29,-0.60526
2011-05-06,-0.60193
2011-05-13,-0.59238
2011-05-20,-0.57981
2011-05-27,-0.56579
2011-06-03,-0.55224
2011-06-10,-0.53976
2011-06-17,-0.53086
2011-06-24,-0.52382
2011-07-01,-0.51697
2011-07-08,-0.50503
2011-07-15,-0.48256
2011-07-22,-0.44803
2011-07-29,-0.39854
2011-08-05,-0.33386
2011-08-12,-0.26145
2011-08-19,-0.19746
2011-08-26,-0.13867
2011-09-02,-0.0959
2011-09-09,-0.06395
2011-09-16,-0.04605
2011-09-23,-0.03706
2011-09-30,-0.03943
2011-10-07,-0.05139
2011-10-14,-0.07331
2011-10-21,-0.09183
2011-10-28,-0.10617
2011-11-04,-0.10766
2011-11-11,-0.10009
2011-11-18,-0.08724
2011-11-25,-0.07406
2011-12-02,-0.07237
2011-12-09,-0.07863
2011-12-16,-0.09255
2011-12-23,-0.11713
2011-12-30,-0.15147
2012-01-06,-0.19311
2012-01-13,-0.23978
2012-01-20,-0.28626
2012-01-27,-0.32833
2012-02-03,-0.36118
2012-02-10,-0.38505
2012-02-17,-0.40054
2012-02-24,-0.41246
2012-03-02,-0.42337
2012-03-09,-0.43154
2012-03-16,-0.43908
2012-03-23,-0.44273
2012-03-30,-0.44053
2012-04-06,-0.43277
2012-04-13,-0.41983
2012-04-20,-0.40404
2012-04-27,-0.38289
2012-05-04,-0.35661
2012-05-11,-0.32473
2012-05-18,-0.29094
2012-05-25,-0.26391
2012-06-01,-0.24465
2012-06-08,-0.23725
2012-06-15,-0.24284
2012-06-22,-0.25841
2012-06-29,-0.27791
2012-07-06,-0.30104
2012-07-13,-0.32477
2012-07-20,-0.34862
2012-07-27,-0.37
2012-08-03,-0.39146
2012-08-10,-0.41069
2012-08-17,-0.42898
2012-08-24,-0.44718
2012-08-31,-0.46471
2012-09-07,-0.48334
2012-09-14,-0.50278
2012-09-21,-0.51915
2012-09-28,-0.53229
2012-10-05,-0.54329
2012-10-12,-0.55012
2012-10-19,-0.55406
2012-10-26,-0.55362
2012-11-02,-0.55212
2012-11-09,-0.55011
2012-11-16,-0.54951
2012-11-23,-0.5533
2012-11-30,-0.5591
2012-12-07,-0.5678
2012-12-14,-0.57944
2012-12-21,-0.59206
2012-12-28,-0.6043
2013-01-04,-0.619
2013-01-11,-0.63181
2013-01-18,-0.6414
2013-01-25,-0.64816
2013-02-01,-0.65164
2013-02-08,-0.65284
2013-02-15,-0.65416
2013-02-22,-0.65513
2013-03-01,-0.65561
2013-03-08,-0.65796
2013-03-15,-0.66095
2013-03-22,-0.66405
2013-03-29,-0.66886
2013-04-05,-0.67625
2013-04-12,-0.68691
2013-04-19,-0.69787
2013-04-26,-0.71034
2013-05-03,-0.72032
2013-05-10,-0.72537
2013-05-17,-0.72307
2013-05-24,-0.71336
2013-05-31,-0.69692
2013-06-07,-0.67711
2013-06-14,-0.65795
2013-06-21,-0.6422
2013-06-28,-0.63476
2013-07-05,-0.63504
2013-07-12,-0.64255
2013-07-19,-0.65479
2013-07-26,-0.66652
2013-08-02,-0.67463
2013-08-09,-0.67836
2013-08-16,-0.67736
2013-08-23,-0.67324
2013-08-30,-0.66925
2013-09-06,-0.66761
2013-09-13,-0.66974
2013-09-20,-0.67479
2013-09-27,-0.6825
2013-10-04,-0.69242
2013-10-11,-0.70489
2013-10-18,-0.71899
2013-10-25,-0.73289
2013-11-01,-0.74483
2013-11-08,-0.75539
2013-11-15,-0.76421
2013-11-22,-0.77085
2013-11-29,-0.77611
2013-12-06,-0.77988
2013-12-13,-0.783
2013-12-20,-0.78496
2013-12-27,-0.7859
2014-01-03,-0.78354
2014-01-10,-0.78069
2014-01-17,-0.77634
2014-01-24,-0.77186
2014-01-31,-0.769
2014-02-07,-0.76942
2014-02-14,-0.77313
2014-02-21,-0.77742
2014-02-28,-0.78163
2014-03-07,-0.78463
2014-03-14,-0.7851
2014-03-21,-0.78421
2014-03-28,-0.78145
2014-04-04,-0.77957
2014-04-11,-0.77701
2014-04-18,-0.77512
2014-04-25,-0.77445
2014-05-02,-0.77573
2014-05-09,-0.7787
2014-05-16,-0.78298
2014-05-23,-0.78932
2014-05-30,-0.79529
2014-06-06,-0.7988
2014-06-13,-0.79913
2014-06-20,-0.79588
2014-06-27,-0.78898
2014-07-04,-0.77903
2014-07-11,-0.7675
2014-07-18,-0.75531
2014-07-25,-0.74463
2014-08-01,-0.73602
2014-08-08,-0.73097
2014-08-15,-0.73041
2014-08-22,-0.73012
2014-08-29,-0.72764
2014-09-05,-0.72165
2014-09-12,-0.71073
2014-09-19,-0.6953
2014-09-26,-0.67759
2014-10-03,-0.66097
2014-10-10,-0.64889
2014-10-17,-0.64075
2014-10-24,-0.64203
2014-10-31,-0.64724
2014-11-07,-0.65448
2014-11-14,-0.65952
2014-11-21,-0.65876
2014-11-28,-0.65198
2014-12-05,-0.63857
2014-12-12,-0.61813
2014-12-19,-0.59466
2014-12-26,-0.57238
2015-01-02,-0.54969
2015-01-09,-0.53134
2015-01-16,-0.51692
2015-01-23,-0.509
2015-01-30,-0.5064
2015-02-06,-0.50901
2015-02-13,-0.51511
2015-02-20,-0.52349
2015-02-27,-0.53228
2015-03-06,-0.53886
2015-03-13,-0.54388
2015-03-20,-0.5483
2015-03-27,-0.55117
2015-04-03,-0.55368
2015-04-10,-0.55635
2015-04-17,-0.55792
2015-04-24,-0.55978
2015-05-01,-0.56019
2015-05-08,-0.55927
2015-05-15,-0.55878
2015-05-22,-0.55846
2015-05-29,-0.5574
2015-06-05,-0.55594
2015-06-12,-0.55416
2015-06-19,-0.55096
2015-06-26,-0.54815
2015-07-03,-0.54269
2015-07-10,-0.53743
2015-07-17,-0.53166
2015-07-24,-0.521
2015-07-31,-0.50479
2015-08-07,-0.48402
2015-08-14,-0.46027
2015-08-21,-0.43555
2015-08-28,-0.4134
2015-09-04,-0.39903
2015-09-11,-0.3926
2015-09-18,-0.39264
2015-09-25,-0.39874
2015-10-02,-0.40937
2015-10-09,-0.42687
2015-10-16,-0.44303
2015-10-23,-0.45747
2015-10-30,-0.46771
2015-11-06,-0.47163
2015-11-13,-0.46747
2015-11-20,-0.4571
2015-11-27,-0.44184
2015-12-04,-0.42177
2015-12-11,-0.39763
2015-12-18,-0.37381
2015-12-25,-0.35142
2016-01-01,-0.33135
2016-01-08,-0.31315
2016-01-15,-0.29685
2016-01-22,-0.28435
2016-01-29,-0.27616
2016-02-05,-0.27169
2016-02-12,-0.27209
2016-02-19,-0.28278
2016-02-26,-0.29902
2016-03-04,-0.319
2016-03-11,-0.33909
2016-03-18,-0.35734
2016-03-25,-0.37015
2016-04-01,-0.37929
2016-04-08,-0.38419
2016-04-15,-0.38749
2016-04-22,-0.38924
2016-04-29,-0.38852
2016-05-06,-0.386
2016-05-13,-0.38342
2016-05-20,-0.37996
2016-05-27,-0.37542
2016-06-03,-0.36947
2016-06-10,-0.36313
2016-06-17,-0.35598
2016-06-24,-0.35203
2016-07-01,-0.35026
2016-07-08,-0.35303
2016-07-15,-0.35893
2016-07-22,-0.3646
2016-07-29,-0.36992
2016-08-05,-0.37285
2016-08-12,-0.37356
2016-08-19,-0.37131
2016-08-26,-0.36602
2016-09-02,-0.35857
2016-09-09,-0.35217
2016-09-16,-0.34726
2016-09-23,-0.34563
2016-09-30,-0.34849
2016-10-07,-0.3555
2016-10-14,-0.36447
2016-10-21,-0.37557
2016-10-28,-0.38842
2016-11-04,-0.40037
2016-11-11,-0.4143
2016-11-18,-0.42708
2016-11-25,-0.43839
2016-12-02,-0.44833
2016-12-09,-0.45723
2016-12-16,-0.46419
2016-12-23,-0.47002
2016-12-30,-0.47639
2017-01-06,-0.48206
2017-01-13,-0.48776
2017-01-20,-0.4925
2017-01-27,-0.49609
2017-02-03,-0.4984
2017-02-10,-0.49962
2017-02-17,-0.49899
2017-02-24,-0.49683
2017-03-03,-0.49486
2017-03-10,-0.49223
2017-03-17,-0.4898
2017-03-24,-0.48821
2017-03-31,-0.48949
2017-04-07,-0.49272
2017-04-14,-0.49833
2017-04-21,-0.50597
2017-04-28,-0.516
2017-05-05,-0.526
2017-05-12,-0.53586
2017-05-19,-0.54458
2017-05-26,-0.55351
2017-06-02,-0.56057
2017-06-09,-0.56621
2017-06-16,-0.57044
2017-06-23,-0.57331
2017-06-30,-0.57642
2017-07-07,-0.57939
2017-07-14,-0.58258
2017-07-21,-0.58475
2017-07-28,-0.58434
2017-08-04,-0.58117
2017-08-11,-0.5758
2017-08-18,-0.57025
2017-08-25,-0.56612
2017-09-01,-0.56392
2017-09-08,-0.56357
2017-09-15,-0.56648
2017-09-22,-0.57092
2017-09-29,-0.57644
2017-10-06,-0.58335
2017-10-13,-0.59045
2017-10-20,-0.59726
2017-10-27,-0.60257
2017-11-03,-0.60666
2017-11-10,-0.60866
2017-11-17,-0.60963
2017-11-24,-0.61043
2017-12-01,-0.61142
2017-12-08,-0.61263
2017-12-15,-0.61529
2017-12-22,-0.61907
2017-12-29,-0.62268
2018-01-05,-0.62628
2018-01-12,-0.62614
2018-01-19,-0.62148
2018-01-26,-0.61229
2018-02-02,-0.59823
2018-02-09,-0.58026
2018-02-16,-0.56439
2018-02-23,-0.54945
2018-03-02,-0.53512
2018-03-09,-0.52204
2018-03-16,-0.5116
2018-03-23,-0.50411
2018-03-30,-0.50251
2018-04-06,-0.50616
2018-04-13,-0.51627
2018-04-20,-0.53058
2018-04-27,-0.54408
2018-05-04,-0.55601
2018-05-11,-0.56506
2018-05-18,-0.56978
2018-05-25,-0.56926
2018-06-01,-0.56423
2018-06-08,-0.55831
2018-06-15,-0.55137
2018-06-22,-0.54545
2018-06-29,-0.54223
2018-07-06,-0.54345
2018-07-13,-0.54892
2018-07-20,-0.55698
2018-07-27,-0.56614
2018-08-03,-0.57529
2018-08-10,-0.58431
2018-08-17,-0.59122
2018-08-24,-0.59691
2018-08-31,-0.60086
2018-09-07,-0.60295
2018-09-14,-0.60318
2018-09-21,-0.60043
2018-09-28,-0.59585
2018-10-05,-0.58885
2018-10-12,-0.57855
2018-10-19,-0.56702
2018-10-26,-0.5532
2018-11-02,-0.53768
2018-11-09,-0.52138
2018-11-16,-0.50168
2018-11-23,-0.48019
2018-11-30,-0.4597
2018-12-07,-0.44034
2018-12-14,-0.42676
2018-12-21,-0.42062
2018-12-28,-0.42398
2019-01-04,-0.43702
2019-01-11,-0.45708
2019-01-18,-0.48071
2019-01-25,-0.50513
2019-02-01,-0.529
2019-02-08,-0.54946
2019-02-15,-0.56665
2019-02-22,-0.57989
2019-03-01,-0.58877
2019-03-08,-0.59395
2019-03-15,-0.59786
2019-03-22,-0.60179
2019-03-29,-0.60466
2019-04-05,-0.60889
2019-04-12,-0.61228
2019-04-19,-0.61428
2019-04-26,-0.61323
2019-05-03,-0.60963
2019-05-10,-0.60257
2019-05-17,-0.59408
2019-05-24,-0.5858
2019-05-31,-0.57765
2019-06-07,-0.57224
2019-06-14,-0.57008
2019-06-21,-0.56998
2019-06-28,-0.57237
2019-07-05,-0.57645
2019-07-12,-0.5785
2019-07-19,-0.57839
2019-07-26,-0.57511
2019-08-02,-0.56733
2019-08-09,-0.55644
2019-08-16,-0.54485
2019-08-23,-0.53462
2019-08-30,-0.52521
2019-09-06,-0.51829
2019-09-13,-0.51278
2019-09-20,-0.5086
2019-09-27,-0.50844
2019-10-04,-0.51186
2019-10-11,-0.52011
2019-10-18,-0.53249
2019-10-25,-0.5464
2019-11-01,-0.55863
2019-11-08,-0.56845
2019-11-15,-0.5738
2019-11-22,-0.57396
2019-11-29,-0.56904
2019-12-06,-0.56005
2019-12-13,-0.55245
2019-12-20,-0.54835
2019-12-27,-0.55296
2020-01-03,-0.56603
2020-01-10,-0.58591
2020-01-17,-0.60732
2020-01-24,-0.62087
2020-01-31,-0.61912
2020-02-07,-0.59393
2020-02-14,-0.53451
2020-02-21,-0.43399
2020-02-28,-0.29368
2020-03-06,-0.13003
2020-03-13,0.0391
2020-03-20,0.18697
2020-03-27,0.28074
2020-04-03,0.31905
2020-04-10,0.30468
2020-04-17,0.24778
2020-04-24,0.16812
2020-05-01,0.06957
2020-05-08,-0.03097
2020-05-15,-0.1222
2020-05-22,-0.20276
2020-05-29,-0.2669
2020-06-05,-0.31372
2020-06-12,-0.34352
2020-06-19,-0.36597
2020-06-26,-0.38407
2020-07-03,-0.40122
2020-07-10,-0.42
2020-07-17,-0.43912
2020-07-24,-0.4585
2020-07-31,-0.47635
2020-08-07,-0.49026
2020-08-14,-0.50069
2020-08-21,-0.50694
2020-08-28,-0.50894
2020-09-04,-0.50663
2020-09-11,-0.50203
2020-09-18,-0.49803
2020-09-25,-0.49215
2020-10-02,-0.48884
2020-10-09,-0.48886
2020-10-16,-0.49124
2020-10-23,-0.49707
2020-10-30,-0.50555
2020-11-06,-0.51922
2020-11-13,-0.53613
2020-11-20,-0.55251
2020-11-27,-0.56727
2020-12-04,-0.58028
2020-12-11,-0.59056
2020-12-18,-0.59795
2020-12-25,-0.60415
2021-01-01,-0.60943
2021-01-08,-0.61395
2021-01-15,-0.61663
2021-01-22,-0.6186
2021-01-29,-0.6189
2021-02-05,-0.62106
2021-02-12,-0.62275
2021-02-19,-0.62453
2021-02-26,-0.62659
2021-03-05,-0.63077
2021-03-12,-0.63583
2021-03-19,-0.64131
2021-03-26,-0.64794
2021-04-02,-0.65495
2021-04-09,-0.66325
2021-04-16,-0.67013
2021-04-23,-0.67642
2021-04-30,-0.68171
2021-05-07,-0.68656
2021-05-14,-0.68861
2021-05-21,-0.69104
2021-05-28,-0.69318
2021-06-04,-0.69409
2021-06-11,-0.69331
2021-06-18,-0.6902
2021-06-25,-0.68612
2021-07-02,-0.68049
2021-07-09,-0.67371
2021-07-16,-0.6669
2021-07-23,-0.66031
2021-07-30,-0.65494
2021-08-06,-0.65027
2021-08-13,-0.64753
2021-08-20,-0.64586
2021-08-27,-0.64658
2021-09-03,-0.64775
2021-09-10,-0.64961
2021-09-17,-0.65179
2021-09-24,-0.65301
2021-10-01,-0.65332
2021-10-08,-0.6516
2021-10-15,-0.64605
2021-10-22,-0.63624
2021-10-29,-0.62179
2021-11-05,-0.60403
2021-11-12,-0.58461
2021-11-19,-0.5664
2021-11-26,-0.55019
2021-12-03,-0.53893
2021-12-10,-0.53673
2021-12-17,-0.53934
2021-12-24,-0.5464
2021-12-31,-0.555
2022-01-07,-0.56088
2022-01-14,-0.56097
2022-01-21,-0.55433
2022-01-28,-0.54019
2022-02-04,-0.52117
2022-02-11,-0.49564
2022-02-18,-0.46588
2022-02-25,-0.43616
2022-03-04,-0.40891
2022-03-11,-0.38784
2022-03-18,-0.37598
2022-03-25,-0.37046
2022-04-01,-0.36842
2022-04-08,-0.36616
2022-04-15,-0.3594
2022-04-22,-0.349
2022-04-29,-0.33387
2022-05-06,-0.3162
2022-05-13,-0.29738
2022-05-20,-0.2785
2022-05-27,-0.25734
2022-06-03,-0.23432
2022-06-10,-0.20978
2022-06-17,-0.18578
2022-06-24,-0.1698
2022-07-01,-0.16344
2022-07-08,-0.16676
2022-07-15,-0.18022
2022-07-22,-0.19941
2022-07-29,-0.21769
2022-08-05,-0.23098
2022-08-12,-0.23852
2022-08-19,-0.23623
2022-08-26,-0.2237
2022-09-02,-0.20276
2022-09-09,-0.17686
2022-09-16,-0.14901
2022-09-23,-0.12375
2022-09-30,-0.10494
2022-10-07,-0.09794
2022-10-14,-0.10008
2022-10-21,-0.11086
2022-10-28,-0.12634
2022-11-04,-0.14446
2022-11-11,-0.16171
2022-11-18,-0.17459
2022-11-25,-0.18239
2022-12-02,-0.18696
2022-12-09,-0.18984
2022-12-16,-0.19612
2022-12-23,-0.20606
2022-12-30,-0.22333
2023-01-06,-0.24602
2023-01-13,-0.27053
2023-01-20,-0.2915
2023-01-27,-0.3083
2023-02-03,-0.31569
2023-02-10,-0.31188
2023-02-17,-0.29737
2023-02-24,-0.27194
2023-03-03,-0.24092
2023-03-10,-0.20833
2023-03-17,-0.17675
2023-03-24,-0.15811
2023-03-31,-0.15445
2023-04-07,-0.15792
2023-04-14,-0.16935
2023-04-21,-0.18293
2023-04-28,-0.19361
2023-05-05,-0.2018
2023-05-12,-0.20826
2023-05-19,-0.21221
2023-05-26,-0.21418
2023-06-02,-0.216
2023-06-09,-0.21709
2023-06-16,-0.21916
2023-06-23,-0.22325
2023-06-30,-0.22935
2023-07-07,-0.23808
2023-07-14,-0.25093
2023-07-21,-0.26579
2023-07-28,-0.28162
2023-08-04,-0.29888
2023-08-11,-0.31463
2023-08-18,-0.32703
2023-08-25,-0.33578
2023-09-01,-0.34135
2023-09-08,-0.34113
2023-09-15,-0.33637
2023-09-22,-0.32734
2023-09-29,-0.31501
2023-10-06,-0.30371
2023-10-13,-0.29408
2023-10-20,-0.28813
2023-10-27,-0.28729
2023-11-03,-0.29219
2023-11-10,-0.30091
2023-11-17,-0.31158
2023-11-24,-0.3229
2023-12-01,-0.33339
2023-12-08,-0.34229
2023-12-15,-0.35135
2023-12-22,-0.36062
2023-12-29,-0.36916
2024-01-05,-0.37788
2024-01-12,-0.38603
2024-01-19,-0.39319
2024-01-26,-0.39931
2024-02-02,-0.40607
2024-02-09,-0.41273
2024-02-16,-0.42045
2024-02-23,-0.42845
2024-03-01,-0.43479
2024-03-08,-0.43858
2024-03-15,-0.44036
2024-03-22,-0.43899
2024-03-29,-0.43508
2024-04-05,-0.4304
2024-04-12,-0.42518
2024-04-19,-0.42063
2024-04-26,-0.41899
2024-05-03,-0.41928
2024-05-10,-0.42034
2024-05-17,-0.42093
2024-05-24,-0.42044
2024-05-31,-0.41697
2024-06-07,-0.41126
2024-06-14,-0.40408
2024-06-21,-0.39645
2024-06-28,-0.38998
2024-07-05,-0.3849
2024-07-12,-0.37957
2024-07-19,-0.37466
2024-07-26,-0.37087
2024-08-02,-0.3687
2024-08-09,-0.36957
2024-08-16,-0.37762
2024-08-23,-0.38775
2024-08-30,-0.39916
2024-09-06,-0.41035
2024-09-13,-0.42013
2024-09-20,-0.42798
2024-09-27,-0.43403
2024-10-04,-0.43796
2024-10-11,-0.44088
2024-10-18,-0.44512
2024-10-25,-0.44954
2024-11-01,-0.45555
2024-11-08,-0.46362
2024-11-15,-0.47126
2024-11-22,-0.47647
2024-11-29,-0.48005
2024-12-06,-0.48252
2024-12-13,-0.48419
2024-12-20,-0.48546
2024-12-27,-0.48967
2025-01-03,-0.49462
2025-01-10,-0.50088
2025-01-17,-0.50618
2025-01-24,-0.51109
2025-01-31,-0.51386
2025-02-07,-0.51254
2025-02-14,-0.50775
2025-02-21,-0.49804
2025-02-28,-0.48448
2025-03-07,-0.46772
2025-03-14,-0.44934
2025-03-21,-0.43141
2025-03-28,-0.41454
2025-04-04,-0.3994
2025-04-11,-0.38845
2025-04-18,-0.38879
2025-04-25,-0.39529
2025-05-02,-0.40865
2025-05-09,-0.42595
2025-05-16,-0.44341
2025-05-23,-0.45793
2025-05-30,-0.46957
2025-06-06,-0.47844
2025-06-13,-0.48562
2025-06-20,-0.49184
2025-06-27,-0.4984
2025-07-04,-0.50526
2025-07-11,-0.51178
2025-07-18,-0.51699
2025-07-25,-0.52149
2025-08-01,-0.52465
2025-08-08,-0.52679
2025-08-15,-0.52953
2025-08-22,-0.53063
2025-08-29,-0.53128
2025-09-05,-0.53095
2025-09-12,-0.53077
2025-09-19,-0.52939
2025-09-26,-0.52844
2025-10-03,-0.52794
2025-10-10,-0.52759
2025-10-17,-0.52699
2025-10-24,-0.5281
2025-10-31,-0.52955
2025-11-07,-0.53146
2025-11-14,-0.53304
2025-11-21,-0.53414
